--
-- PostgreSQL database dump
--

\restrict B3g1UxFz4RfnkLpH5I7y0jInOarOL3bZDYdtZEUoLKvOdvRHZnDLQpU1PCYu6sm

-- Dumped from database version 18.1
-- Dumped by pg_dump version 18.1

-- Started on 2026-04-29 00:32:32

SET statement_timeout = 0;
SET lock_timeout = 0;
SET idle_in_transaction_session_timeout = 0;
SET transaction_timeout = 0;
SET client_encoding = 'UTF8';
SET standard_conforming_strings = on;
SELECT pg_catalog.set_config('search_path', '', false);
SET check_function_bodies = false;
SET xmloption = content;
SET client_min_messages = warning;
SET row_security = off;

SET default_tablespace = '';

SET default_table_access_method = heap;

--
-- TOC entry 221 (class 1259 OID 17996)
-- Name: tblciudades; Type: TABLE; Schema: public; Owner: postgres
--

CREATE TABLE public.tblciudades (
    id_ciudad integer NOT NULL,
    nombre_ciudad character varying(40) NOT NULL,
    id_estado integer NOT NULL
);


ALTER TABLE public.tblciudades OWNER TO postgres;

--
-- TOC entry 222 (class 1259 OID 18005)
-- Name: tblciudades_id_ciudad_seq; Type: SEQUENCE; Schema: public; Owner: postgres
--

ALTER TABLE public.tblciudades ALTER COLUMN id_ciudad ADD GENERATED BY DEFAULT AS IDENTITY (
    SEQUENCE NAME public.tblciudades_id_ciudad_seq
    START WITH 1
    INCREMENT BY 1
    NO MINVALUE
    NO MAXVALUE
    CACHE 1
);


--
-- TOC entry 225 (class 1259 OID 18032)
-- Name: tbldepartamentos; Type: TABLE; Schema: public; Owner: postgres
--

CREATE TABLE public.tbldepartamentos (
    id_departamento numeric(6,0) NOT NULL,
    nombre_departamento character varying(30) NOT NULL
);


ALTER TABLE public.tbldepartamentos OWNER TO postgres;

--
-- TOC entry 223 (class 1259 OID 18008)
-- Name: tblempleados; Type: TABLE; Schema: public; Owner: postgres
--

CREATE TABLE public.tblempleados (
    id_empleado integer NOT NULL,
    nombre character varying(35) NOT NULL,
    apaterno character varying(35) NOT NULL,
    amaterno character varying(35),
    telefono bigint,
    fecha_contratacion date NOT NULL,
    id_puesto character varying(10) NOT NULL,
    id_gerente integer,
    id_departamento numeric(6,0) NOT NULL,
    id_sucursal integer NOT NULL,
    salario integer NOT NULL
);


ALTER TABLE public.tblempleados OWNER TO postgres;

--
-- TOC entry 220 (class 1259 OID 17989)
-- Name: tblestados; Type: TABLE; Schema: public; Owner: postgres
--

CREATE TABLE public.tblestados (
    id_estado integer NOT NULL,
    nombre_estado character varying(60) NOT NULL
);


ALTER TABLE public.tblestados OWNER TO postgres;

--
-- TOC entry 219 (class 1259 OID 17982)
-- Name: tblpuestos; Type: TABLE; Schema: public; Owner: postgres
--

CREATE TABLE public.tblpuestos (
    id_puesto character varying(10) NOT NULL,
    nombre_puesto character varying(35) NOT NULL,
    salario_min integer,
    salario_max integer
);


ALTER TABLE public.tblpuestos OWNER TO postgres;

--
-- TOC entry 224 (class 1259 OID 18021)
-- Name: tblsucursales; Type: TABLE; Schema: public; Owner: postgres
--

CREATE TABLE public.tblsucursales (
    id_sucursal integer NOT NULL,
    nombre_sucursal character varying(40) NOT NULL,
    direccion character varying(100) NOT NULL,
    codigo_postal integer NOT NULL,
    id_ciudad integer NOT NULL,
    id_departamento integer NOT NULL
);


ALTER TABLE public.tblsucursales OWNER TO postgres;

--
-- TOC entry 5044 (class 0 OID 17996)
-- Dependencies: 221
-- Data for Name: tblciudades; Type: TABLE DATA; Schema: public; Owner: postgres
--

COPY public.tblciudades (id_ciudad, nombre_ciudad, id_estado) FROM stdin;
1	TORREÓN	5
2	TUXTLA GUTIÉRREZ	7
3	SAN CRISTÓBAL	7
4	TAPACHULA DE CÓRDOVA Y ORDOÑEZ	7
5	HUIXTLA	7
6	PALENQUE	7
7	TONALÁ	7
8	CINTALAPA	7
9	CIUDAD DEL CARMEN	4
10	CAMPECHE	4
11	CHAMPOTÓN	4
12	ESCÁRCEGA	4
13	BENITO JUÁREZ (CANCÚN)	23
14	PLAYA DEL CARMEN	23
15	TULÚM	23
16	CHETUMAL	23
17	CÁRDENAS	27
18	MACUSPANA	27
19	HUIMANGUILLO	27
20	TIERRA COLORADA	27
21	PARAÍSO	27
22	COMALCALCO	27
23	TAMULTÉ	27
24	TEAPA	27
25	VILLA RUÍZ CORTÍNEZ	27
26	TEHUANTEPEC	20
27	TUXTEPEC	20
28	MATÍAS ROMERO	20
29	SALINA CRUZ	20
30	JUCHITÁN	20
31	VERACRUZ	30
32	POZA RICA	30
33	RÍO BLANCO	30
34	CÓRDOBA	30
35	ACAYUCAN	30
36	MINATITLAN	30
37	MARTÍNEZ DE LA TORRE	30
38	SAN ANDRÉS TUXTLA	30
39	COSOLEACAQUE	30
40	COATZACOALCOS	30
41	LAS CHOAPAS	30
42	BOCA DEL RÍO	30
43	XALAPA	30
44	ORIZABA	30
45	TIERRA BLANCA	30
46	MÉRIDA	31
47	TEHUACÁN	21
48	PUEBLA	21
\.


--
-- TOC entry 5048 (class 0 OID 18032)
-- Dependencies: 225
-- Data for Name: tbldepartamentos; Type: TABLE DATA; Schema: public; Owner: postgres
--

COPY public.tbldepartamentos (id_departamento, nombre_departamento) FROM stdin;
10	DIRECCIÓN GENERAL
11	DIRECCIÓN DE ADMINISTRACIÓN
12	DIRECCIÓN DE CONTABILIDAD
13	DIRECCIÓN DE VENTAS
14	ALMACÉN GENERAL
15	INFORMÁTICA
16	CONTRATACIÓN
20	GERENCIA SUCURSAL
21	ALMACÉN SUCURSAL
22	APOYO ADMINISTRATIVO
23	VENTAS Y REPARTO
24	SUCURSAL
25	CORPORATIVO
\.


--
-- TOC entry 5046 (class 0 OID 18008)
-- Dependencies: 223
-- Data for Name: tblempleados; Type: TABLE DATA; Schema: public; Owner: postgres
--

COPY public.tblempleados (id_empleado, nombre, apaterno, amaterno, telefono, fecha_contratacion, id_puesto, id_gerente, id_departamento, id_sucursal, salario) FROM stdin;
10000	ÁLVARO	FERNÁNDEZ	GARZA	8717172580	2024-03-07	AD_GERE	\N	10	1000	40000
10001	PEDRO	ALBORES	ORDOÑEZ	8717172580	2024-03-07	AD_SUBG	10000	11	1000	30000
10002	CARLOS ALBERTO	LEÓN	CHANONA	8717172580	2024-03-11	GE_ALMA	10000	14	1000	8500
10003	ANDREA	OZUNA	VILLASIS	8717172580	2024-03-11	GE_CONT	10000	12	1000	15000
10004	ISAAC	PEÑA	BRICEÑO	8717172580	2024-03-12	GE_VENT	10000	13	1000	20000
10005	ADELA	NEGRIN	SAMAYOA	8717172580	2024-03-15	AD_ASIS	10000	10	1000	6000
10006	ARACELI	GOMEZ	GORDILLO	8717172580	2024-03-15	AD_ASIS	10000	10	1000	6000
10007	PAULA CRISTEL	DE LA CRUZ	JIMÉNEZ	8717172580	2024-03-15	AD_ASIS	10001	11	1000	5000
10008	ADRIANA SARAI	LÓPEZ	TEVERA	8717172580	2024-03-15	AD_ASIS	10001	11	1000	5000
10009	GERARDO MAURICIO	ESCOBAR	ESCOBAR	8717172580	2024-03-18	EM_ALMC	10002	14	1000	5000
10010	VÍCTOR ENRIQUE	GRAJALES	GALINDO	8717172580	2024-03-18	EM_ALMC	10002	14	1000	5000
10011	ISMAEL	CORDOVA	BARRIOS	8717172580	2024-03-18	EM_ALMC	10002	14	1000	5000
10012	MANUEL DE JESÚS	PÉREZ	REYES	8717172580	2024-03-18	EM_ALMC	10002	14	1000	5000
10013	ALEJANDRO	SÁNCHEZ	MENDOZA	8717172580	2024-03-18	EM_ALMC	10002	14	1000	5000
10014	KAREN ANGELICA	RODRÍGUEZ	RAMÍREZ	8717172580	2024-03-25	CO_PUBL	10003	12	1000	9000
10015	KAREN LISBETH	HERNÁNDEZ	AGUILAR	8717172580	2024-03-25	CO_PUBL	10003	12	1000	9000
10016	FERNANDO	PALACIOS	MORALES	8717172580	2024-03-25	CO_PUBL	10003	12	1000	9000
10017	RICARDO	VÁZQUEZ	ALABAT	8717172580	2024-03-25	CO_PUBL	10003	12	1000	9000
10018	LEONARDO GABRIEL	LEÓN	BAUTISTA	8717172580	2024-03-25	IT_PROG	10001	15	1000	10000
10020	KARLA DANIELA	BALLINAS	RAMOS	9611181104	2024-03-18	EN_SUCU	10001	20	1005	16000
10021	EVELYN ALITZEL	HERNÁNDEZ	LÁZARO	9611181104	2024-03-18	CO_PUBL	10020	22	1005	4200
10022	JORGE ALBERTO	LÓPEZ	GUILLEN	9611181104	2024-03-18	CO_PUBL	10020	22	1005	4200
10023	HINDRI GISELA	LÓPEZ	ALEGRÍA	9611181104	2024-03-18	EM_ALMC	10020	21	1005	2000
10024	SERGIO DAMIAN	ÁLVARO	ÁLVARO	9611181104	2024-03-18	EM_ALMC	10020	21	1005	2000
10025	JUAN ALEXANDER	DE LA CRUZ	ESTRADA	9611181104	2024-03-25	RE_TRAN	10020	23	1005	4000
10026	JORGE FEDERICO	OLVERA	ZENTENO	9611181104	2024-03-25	RE_TRAN	10020	23	1005	4000
10027	PEDRO ERNESTO	ESTRADA	COUTIÑO	9611181104	2024-03-25	AS_VENT	10020	23	1005	6000
10028	PAULINA	SILVA	CARMONA	9611181104	2024-03-25	AS_VENT	10020	23	1005	6000
10029	MANUEL ANTONIO	ROSALES	BUENO	9611181104	2024-03-25	AS_VENT	10020	23	1005	6000
10030	ROBERTO DE JESÚS	GALDAMEZ	 MEDINA	9616883371	2024-03-20	EN_SUCU	10001	20	1010	16000
10031	CECILIA MONSERRAT	ESCOBAR	NAFATE	9616883371	2024-03-20	CO_PUBL	10030	22	1010	4200
10032	PALOMA GUADALUPE	RAMOS	DE LA CRUZ	9616883371	2024-03-18	CO_PUBL	10030	22	1010	4200
10033	MAURICIO HASSIED	MORALES	 HERNÁNDEZ	9616883371	2024-03-20	EM_ALMC	10030	21	1010	2000
10034	BRAYAN	VELÁZQUEZ	GOMEZ	9616883371	2024-03-20	EM_ALMC	10030	21	1010	2000
10035	KEVIN URIEL	JIMENEZ	SUAREZ	9616883371	2024-03-20	RE_TRAN	10030	23	1010	4000
10036	NORBERTO	ESQUINCA	MAZA	9616883371	2024-03-25	RE_TRAN	10030	23	1010	4000
10037	VANESSA	MARTINEZ	CRUZ	9616883371	2024-03-25	AS_VENT	10030	23	1010	6000
10038	VALERIA SOFIA	MONTOYA	FRANCO	9616883371	2024-03-25	AS_VENT	10030	23	1010	6000
10039	ÁNGEL ENRIQUE	HERNÁNDEZ	PÉREZ	9616883371	2024-03-25	AS_VENT	10030	23	1010	6000
10040	GUADALUPE	HERNÁNDEZ	GUTIÉRREZ	9676782043	2024-05-06	EN_SUCU	10001	20	1015	16000
10041	MANUEL ALEXIS	MORENO	GONZÁLEZ	9676782043	2024-05-06	CO_PUBL	10040	22	1015	4200
10042	PALOMA GUADALUPE	RAMOS	DE LA CRUZ	9676782043	2024-05-06	CO_PUBL	10040	22	1015	4200
10043	RICARDO	LÓPEZ	RUIZ	9676782043	2024-05-06	EM_ALMC	10040	21	1015	2000
10044	FEDERICO DE JESÚS	PÉREZ	GÓMEZ	9676782043	2024-05-06	EM_ALMC	10040	21	1015	2000
10045	JESÚS OSVALDO	RODAS	RUIZ	9676782043	2024-05-06	RE_TRAN	10040	23	1015	4000
10046	EDUARDO IVAN	SCARPULLI	GONZÁLEZ	9676782043	2024-05-06	RE_TRAN	10040	23	1015	4000
10047	DARVIN YORLI	PÉREZ	ROBLERO	9676782043	2024-05-06	AS_VENT	10040	23	1015	6000
10048	CARLOS ERNESTO	SUASTEGUI	VÁZQUEZ	9676782043	2024-05-06	AS_VENT	10040	23	1015	6000
10019	JESÚS IVAN	SOLIS	AGUILAR	8717172580	2024-03-25	IT_PROG	10001	15	1000	10000
10050	NATALIA MARGARITA	TORRES	CABRERA	9621864260	2024-05-15	EN_SUCU	10001	20	1020	16000
10051	FRANCISCO ELISEO	CRUZ	RAMOS	9621864260	2024-05-15	CO_PUBL	10050	22	1020	4200
10052	LUZ DEL CARMEN	ROBLES	AGUILAR	9621864260	2024-05-15	CO_PUBL	10050	22	1020	4200
10053	SERGIO ANTONIO	GÓMEZ	VARGAS	9621864260	2024-05-15	EM_ALMC	10050	21	1020	2000
10054	GABRIELA DE JESÚS	ACOSTA	VEGA	9621864260	2024-05-15	EM_ALMC	10050	21	1020	2000
10055	ANDRÉS	DÍAZ	DELGADO	9621864260	2024-05-15	RE_TRAN	10050	23	1020	4000
10056	VÍCTOR MANUEL	CASTILLO	RAMÍREZ	9621864260	2024-05-15	RE_TRAN	10050	23	1020	4000
10057	JUAN JOSÉ	FUENTES	LÓPEZ	9621864260	2024-05-15	AS_VENT	10050	23	1020	6000
10058	MIGUEL ALEJANDRO	AGUILAR	MENDOZA	9621864260	2024-05-15	AS_VENT	10050	23	1020	6000
10059	ELENA DEL CARMEN	PAREDES	SILVA	9621864260	2024-05-15	AS_VENT	10050	23	1020	6000
10060	JESÚS ALBERTO	ROJAS	REYES	9621068846	2024-05-18	EN_SUCU	10001	20	1025	16000
10061	ISABEL DEL ROSARIO	REYES	CABRERA	9621068846	2024-05-18	CO_PUBL	10060	22	1025	4200
10062	ADRIÁN	ORTIZ	MENDOZA	9621068846	2024-05-18	CO_PUBL	10060	22	1025	4200
10063	JOSÉ ANDRÉS	PÉREZ	ESCOBAR	9621068846	2024-05-18	EM_ALMC	10060	21	1025	2000
10064	BENITO ALEJANDRO	CAMACHO	GÓMEZ	9621068846	2024-05-18	EM_ALMC	10060	21	1025	2000
10065	ANA MARÍA	SOTO	CASTILLO	9621068846	2024-05-18	RE_TRAN	10060	23	1025	4000
10066	ELENA DEL ROCÍO	AGUILAR	SÁNCHEZ	9621068846	2024-05-18	RE_TRAN	10060	23	1025	4000
10067	JULIA ANTONIA	AGUILAR	RODRÍGUEZ	9621068846	2024-05-18	AS_VENT	10060	23	1025	6000
10068	EVELYN PATRICIA	CORTÉS	CABRERA	9621068846	2024-05-18	AS_VENT	10060	23	1025	6000
10069	RUBY GABRIELA	VEGA	MEJÍA	9621068846	2024-05-18	AS_VENT	10060	23	1025	6000
10070	VALERIA SOFÍA	ROBLES	DÍAZ	9641021583	2024-05-25	EN_SUCU	10001	20	1030	16000
10071	MARÍA ELENA	SILVA	CASTILLO	9641021583	2024-05-25	CO_PUBL	10070	22	1030	4200
10072	SARA ELENA	ACOSTA	FUENTES	9641021583	2024-05-25	CO_PUBL	10070	22	1030	4200
10073	VÍCTOR JAVIER	RIVERA	TORRES	9641021583	2024-05-25	EM_ALMC	10070	21	1030	2000
10074	LUIS ANTONIO	RAMÍREZ	MEDINA	9641021583	2024-05-25	EM_ALMC	10070	21	1030	2000
10075	JOSÉ LUIS	MENDOZA	RODRÍGUEZ	9641021583	2024-05-25	RE_TRAN	10070	23	1030	4000
10076	ADRIÁN	ORTIZ	RIVERA	9641021583	2024-05-25	RE_TRAN	10070	23	1030	4000
10077	SARA CATALINA	NÚÑEZ	PAREDES	9641021583	2024-05-25	AS_VENT	10070	23	1030	6000
10078	MIGUEL ÁNGEL	PAREDES	SOTO	9641021583	2024-05-25	AS_VENT	10070	23	1030	6000
10079	SARA MARGOTH	PAREDES	SÁNCHEZ	9641021583	2024-05-25	AS_VENT	10070	23	1030	6000
10080	DANIEL MIGUEL	GÓMEZ	TORRES	9163454768	2024-05-28	EN_SUCU	10001	20	1035	16000
10081	CARLOS ALBERTO	GARCÍA	REYES	9163454768	2024-05-28	CO_PUBL	10080	22	1035	4200
10082	DANIELA GUADALUPE	ACOSTA	HERRERA	9163454768	2024-05-28	CO_PUBL	10080	22	1035	4200
10083	PEDRO ANTONIO	CORTÉS	ORTIZ	9163454768	2024-05-28	EM_ALMC	10080	21	1035	2000
10084	CARMEN DEL REFUGIO	DÍAZ	SOTO	9163454768	2024-05-28	EM_ALMC	10080	21	1035	2000
10085	DIEGO MIGUEL	GARCÍA	DÍAZ	9163454768	2024-05-28	RE_TRAN	10080	23	1035	4000
10086	JORGE ALBERTO	RIVERA	GÓMEZ	9163454768	2024-05-28	RE_TRAN	10080	23	1035	4000
10087	CARMEN	RAMÍREZ	PÉREZ	9163454768	2024-05-28	AS_VENT	10080	23	1035	6000
10088	CARLOS	SÁNCHEZ	CHÁVEZ	9163454768	2024-05-28	AS_VENT	10080	23	1035	6000
10089	HÉCTOR	SÁNCHEZ	MEDINA	9163454768	2024-05-28	AS_VENT	10080	23	1035	6000
10090	FRANCISCO	VEGA	ORTIZ	9661097670	2024-05-30	EN_SUCU	10001	20	1040	16000
10091	GABRIELA	CARRILLO	MEDINA	9661097670	2024-05-30	CO_PUBL	10090	22	1040	4200
10092	RAÚL	MARTÍNEZ	MARTÍNEZ	9661097670	2024-05-30	CO_PUBL	10090	22	1040	4200
10093	JORGE ALBERTO	SOTO	MEJÍA	9661097670	2024-05-30	EM_ALMC	10090	21	1040	2000
10094	VALERIA	FUENTES	CRUZ	9661097670	2024-05-30	EM_ALMC	10090	21	1040	2000
10095	RAÚL IGNACIO	FUENTES	TORRES	9661097670	2024-05-30	RE_TRAN	10090	23	1040	4000
10096	RAÚL	FUENTES	TORRES	9661097670	2024-05-30	RE_TRAN	10090	23	1040	4000
10097	FRANCISCO DE JESÚS	CASTILLO	GÓMEZ	9661097670	2024-05-30	AS_VENT	10090	23	1040	6000
10098	PEDRO ANTONIO	FUENTES	PÉREZ	9661097670	2024-05-30	AS_VENT	10090	23	1040	6000
10099	JOSÉ LUIS	SOTO	RIVERA	9661097670	2024-05-30	AS_VENT	10090	23	1040	6000
10100	CARLOS MARIO	MENDOZA	MARTÍNEZ	9661097670	2024-06-03	EN_SUCU	10001	20	1045	16000
10101	HÉCTOR MARTÍN	SOTO	CRUZ	9661097670	2024-06-03	CO_PUBL	10100	22	1045	4200
10102	ROSA ISELA	GONZÁLEZ	TORRES	9661097670	2024-06-03	CO_PUBL	10100	22	1045	4200
10103	MARÍA DEL CARMEN	CAMACHO	SALAZAR	9661097670	2024-06-03	EM_ALMC	10100	21	1045	2000
10104	HÉCTOR MAURICIO	RUIZ	PEÑA	9661097670	2024-06-03	EM_ALMC	10100	21	1045	2000
10105	LUIS GABRIEL	SOTO	TORRES	9661097670	2024-06-03	RE_TRAN	10100	23	1045	4000
10106	ISABEL	LÓPEZ	RAMÍREZ	9661097670	2024-06-03	RE_TRAN	10100	23	1045	4000
10107	DIEGO ALEJANDRO	HERRERA	GONZÁLEZ	9661097670	2024-06-03	AS_VENT	10100	23	1045	6000
10108	MARÍA ELENA	VEGA	RIVERA	9661097670	2024-06-03	AS_VENT	10100	23	1045	6000
10109	MANUEL ALEJANDRO	VALDEZ	MORALES	9661097670	2024-06-03	AS_VENT	10100	23	1045	6000
10110	PAULA	GÓMEZ	PÉREZ	9381207241	2024-06-07	EN_SUCU	10001	20	2000	16000
10111	NATALIA DEL ROCÍO	CARRILLO	FLORES	9381207241	2024-06-07	CO_PUBL	10110	22	2000	4200
10112	VÍCTOR MANUEL	ACOSTA	CAMACHO	9381207241	2024-06-07	CO_PUBL	10110	22	2000	4200
10113	FLOR DEL CARMEN	RAMOS	VALDEZ	9381207241	2024-06-07	EM_ALMC	10110	21	2000	2000
10114	SOFÍA GABRIELA	RAMOS	MARTÍNEZ	9381207241	2024-06-07	EM_ALMC	10110	21	2000	2000
10115	VÍCTOR	CRUZ	VEGA	9381207241	2024-06-07	RE_TRAN	10110	23	2000	4000
10116	SERGIO ALBERTO	MARTÍNEZ	GÓMEZ	9381207241	2024-06-07	RE_TRAN	10110	23	2000	4000
10117	JUAN ANTONIO	PAREDES	MARTÍNEZ	9381207241	2024-06-07	AS_VENT	10110	23	2000	6000
10118	ROSA GUADALUPE	CARRILLO	AGUILAR	9381207241	2024-06-07	AS_VENT	10110	23	2000	6000
10119	MARÍA ANTONIA	ORTIZ	GONZÁLEZ	9381207241	2024-06-07	AS_VENT	10110	23	2000	6000
10120	JOSÉ JUAN	AGUILAR	PEÑA	9386882916	2024-06-12	EN_SUCU	10001	20	2005	16000
10121	JUAN MIGUEL	VALDEZ	ROMERO	9386882916	2024-06-12	CO_PUBL	10120	22	2005	4200
10122	LAURA PATRICIA	MOLINA	REYES	9386882916	2024-06-12	CO_PUBL	10120	22	2005	4200
10123	VÍCTOR RICARDO	VARGAS	CAMACHO	9386882916	2024-06-12	EM_ALMC	10120	21	2005	2000
10124	ANDRÉS	GONZÁLEZ	SILVA	9386882916	2024-06-12	EM_ALMC	10120	21	2005	2000
10125	CAMILA	CARRILLO	FLORES	9386882916	2024-06-12	RE_TRAN	10120	23	2005	4000
10126	JORGE HUMBERTO	PEÑA	ORTIZ	9386882916	2024-06-12	RE_TRAN	10120	23	2005	4000
10127	DANIELA	ROJAS	MARTÍNEZ	9386882916	2024-06-12	AS_VENT	10120	23	2005	6000
10128	ANA SOFÍA	CAMACHO	SILVA	9386882916	2024-06-12	AS_VENT	10120	23	2005	6000
10129	MARÍA DEL CARMEN	GARCÍA	SILVA	9386882916	2024-06-12	AS_VENT	10120	23	2005	6000
10130	DANIELA	MORALES	TORRES	9828282563	2024-06-18	EN_SUCU	10001	20	2010	16000
10131	GABRIELA	ROMERO	AGUILAR	9828282563	2024-06-18	CO_PUBL	10130	22	2010	4200
10132	CARMEN	SOTO	RUIZ	9828282563	2024-06-18	CO_PUBL	10130	22	2010	4200
10133	SOFÍA DANIELA	MEJÍA	ESCOBAR	9828282563	2024-06-18	EM_ALMC	10130	21	2010	2000
10134	JOSÉ MIGUEL	MENDOZA	HERRERA	9828282563	2024-06-18	EM_ALMC	10130	21	2010	2000
10135	HÉCTOR ALBERTO	FLORES	MARTÍNEZ	9828282563	2024-06-18	RE_TRAN	10130	23	2010	4000
10136	JOSÉ ANDRÉS	MORALES	CAMACHO	9828282563	2024-06-18	RE_TRAN	10130	23	2010	4000
10137	JESÚS ADRIÁN	MEDINA	RAMÍREZ	9828282563	2024-06-18	AS_VENT	10130	23	2010	6000
10138	NATALIA GUADALUPE	MENDOZA	DELGADO	9828282563	2024-06-18	AS_VENT	10130	23	2010	6000
10139	JOSÉ RICARDO	RUIZ	GÓMEZ	9828282563	2024-06-18	AS_VENT	10130	23	2010	6000
10140	LUIS FERNANDO	DÍAZ	SÁNCHEZ	9821094345	2024-06-22	EN_SUCU	10001	20	2015	16000
10141	MARÍA ELENA	CARRILLO	REYES	9821094345	2024-06-22	CO_PUBL	10140	22	2015	4200
10142	MARÍA AZUCENA	REYES	VARGAS	9821094345	2024-06-22	CO_PUBL	10140	22	2015	4200
10143	PEDRO RAFAEL	CAMACHO	RIVERA	9821094345	2024-06-22	EM_ALMC	10140	21	2015	2000
10144	FRANCISCO DANIEL	MONTES	REYES	9821094345	2024-06-22	EM_ALMC	10140	21	2015	2000
10145	CAMILA	RAMOS	GÓMEZ	9821094345	2024-06-22	RE_TRAN	10140	23	2015	4000
10146	LUCÍA MARGARITA	MENDOZA	ROJAS	9821094345	2024-06-22	RE_TRAN	10140	23	2015	4000
10147	ALEJANDRO MIGUEL	MEDINA	MEJÍA	9821094345	2024-06-22	AS_VENT	10140	23	2015	6000
10148	JOSÉ ANDRÉS	ROJAS	RAMÍREZ	9821094345	2024-06-22	AS_VENT	10140	23	2015	6000
10149	JOSÉ LUIS	MOLINA	LÓPEZ	9821094345	2024-06-22	AS_VENT	10140	23	2015	6000
10150	CARMEN GUADALUPE	PAREDES	SOTO	9983203971	2024-06-25	EN_SUCU	10001	20	3000	16000
10151	LAURA PATRICIA	ROJAS	VEGA	9983203971	2024-06-25	CO_PUBL	10150	22	3000	4200
10152	DANIEL ALEJANDRO	AGUILAR	CABRERA	9983203971	2024-06-25	CO_PUBL	10150	22	3000	4200
10153	CARLOS HUMBERTO	CHÁVEZ	MEDINA	9983203971	2024-06-25	EM_ALMC	10150	21	3000	2000
10154	RICARDO JAVIER	CRUZ	MEJÍA	9983203971	2024-06-25	EM_ALMC	10150	21	3000	2000
10155	ALEJANDRO JOSUÉ	AGUILAR	ORTIZ	9983203971	2024-06-25	RE_TRAN	10150	23	3000	4000
10156	JULIA GRACIELA	CARRILLO	AGUILAR	9983203971	2024-06-25	RE_TRAN	10150	23	3000	4000
10157	MANUEL DE JESÚS	CRUZ	JIMÉNEZ	9983203971	2024-06-25	AS_VENT	10150	23	3000	6000
10158	CARLOS FERNANDO	FLORES	GARCÍA	9983203971	2024-06-25	AS_VENT	10150	23	3000	6000
10159	SOFÍA PATRICIA	MONTES	CAMACHO	9983203971	2024-06-25	AS_VENT	10150	23	3000	6000
10160	MARÍA MERCEDES	RAMÍREZ	CAMACHO	9985781798	2024-06-29	EN_SUCU	10001	20	3005	16000
10161	EMILIA CAMILA	ESCOBAR	RUIZ	9985781798	2024-06-29	CO_PUBL	10160	22	3005	4200
10162	JORGE ADRIÁN	PAREDES	JIMÉNEZ	9985781798	2024-06-29	CO_PUBL	10160	22	3005	4200
10163	DANIELA PAOLA	ROMERO	MORALES	9985781798	2024-06-29	EM_ALMC	10160	21	3005	2000
10164	ROSA MARÍA	LÓPEZ	JIMÉNEZ	9985781798	2024-06-29	EM_ALMC	10160	21	3005	2000
10165	MARÍA DEL CARMEN	RUIZ	SOTO	9985781798	2024-06-29	RE_TRAN	10160	23	3005	4000
10166	DANIELA ALITZEL	ROMERO	RUIZ	9985781798	2024-06-29	RE_TRAN	10160	23	3005	4000
10167	SOCORRO VALERIA	PÉREZ	SILVA	9985781798	2024-06-29	AS_VENT	10160	23	3005	6000
10168	CLAUDIA FABIOLA	FLORES	MOLINA	9985781798	2024-06-29	AS_VENT	10160	23	3005	6000
10169	FERNANDO ANDRÉS	ROJAS	GONZÁLEZ	9985781798	2024-06-29	AS_VENT	10160	23	3005	6000
10170	CAMILA MAGDALENA	DÍAZ	FUENTES	9984923529	2024-07-09	EN_SUCU	10001	20	3010	16000
10171	JORGE HUMBERTO	ROMERO	JIMÉNEZ	9984923529	2024-07-09	CO_PUBL	10170	22	3010	4200
10172	IGNACIO FRANCISCO	VARGAS	ROJAS	9984923529	2024-07-09	CO_PUBL	10170	22	3010	4200
10173	ROSA VALERIA	AGUILAR	RAMÍREZ	9984923529	2024-07-09	EM_ALMC	10170	21	3010	2000
10174	JOSÉ ANTONIO	CARRILLO	GARCÍA	9984923529	2024-07-09	EM_ALMC	10170	21	3010	2000
10175	LUIS OCTAVIO	GARCÍA	TORRES	9984923529	2024-07-09	RE_TRAN	10170	23	3010	4000
10176	JOSÉ FERNANDO	GONZÁLEZ	TORRES	9984923529	2024-07-09	RE_TRAN	10170	23	3010	4000
10177	CARLOS FERNANDO	PEÑA	GUERRERO	9984923529	2024-07-09	AS_VENT	10170	23	3010	6000
10178	ANDRÉS ALEJANDRO	ORTIZ	FUENTES	9984923529	2024-07-09	AS_VENT	10170	23	3010	6000
10179	ANDREA VALERIA	NÚÑEZ	CASTILLO	9984923529	2024-07-09	AS_VENT	10170	23	3010	6000
10180	RAÚL ANDRÉS	SÁNCHEZ	GONZÁLEZ	9985781798	2024-07-17	EN_SUCU	10001	20	3015	16000
10181	SOFÍA ASUNCIÓN	AGUILAR	ROBLES	9985781798	2024-07-17	CO_PUBL	10180	22	3015	4200
10182	JAVIER ANTONIO	ROJAS	CHÁVEZ	9985781798	2024-07-17	CO_PUBL	10180	22	3015	4200
10183	VÍCTOR ANDRÉS	MEDINA	MORALES	9985781798	2024-07-17	EM_ALMC	10180	21	3015	2000
10184	JOSUÉ MIGUEL	VARGAS	DÍAZ	9985781798	2024-07-17	EM_ALMC	10180	21	3015	2000
10185	CARLOTA DANIELA	CASTILLO	ESCOBAR	9985781798	2024-07-17	RE_TRAN	10180	23	3015	4000
10186	ELENA DEL CARMEN	VALDEZ	RODRÍGUEZ	9985781798	2024-07-17	RE_TRAN	10180	23	3015	4000
10187	SERGIO ARTURO	MARTÍNEZ	GONZÁLEZ	9985781798	2024-07-17	AS_VENT	10180	23	3015	6000
10188	ANDREA CAMILA	JIMÉNEZ	ROBLES	9985781798	2024-07-17	AS_VENT	10180	23	3015	6000
10189	MANUEL IVÁN	VEGA	GARCÍA	9985781798	2024-07-17	AS_VENT	10180	23	3015	6000
10190	ROSA ISABEL	CABRERA	PÉREZ	9843232509	2024-07-21	EN_SUCU	10001	20	3020	16000
10191	RAÚL OCTAVIO	FUENTES	SÁNCHEZ	9843232509	2024-07-21	CO_PUBL	10190	22	3020	4200
10192	DIEGO ALBERTO	DELGADO	ACOSTA	9843232509	2024-07-21	CO_PUBL	10190	22	3020	4200
10193	MARÍA ELENA	PEÑA	GÓMEZ	9843232509	2024-07-21	EM_ALMC	10190	21	3020	2000
10194	JOAQUÍN FERNANDO	SILVA	RAMOS	9843232509	2024-07-21	EM_ALMC	10190	21	3020	2000
10195	ÁNGEL FRANCISCO	RIVERA	MOLINA	9843232509	2024-07-21	RE_TRAN	10190	23	3020	4000
10196	JUAN ANTONIO	MONTES	SILVA	9843232509	2024-07-21	RE_TRAN	10190	23	3020	4000
10197	ROSA DEL CARMEN	RUIZ	CORTÉS	9843232509	2024-07-21	AS_VENT	10190	23	3020	6000
10198	ISABEL ANTONIA	CARRILLO	DÍAZ	9843232509	2024-07-21	AS_VENT	10190	23	3020	6000
10049	WILLIAM DE JESUS	VÁZQUEZ	CAMAS	9676782043	2024-05-06	AS_VENT	10190	23	1015	6000
10200	VERÓNICA MONSERRAT	ROBLES	ESCOBAR	9842678895	2024-07-24	EN_SUCU	10001	20	3025	16000
10201	MARÍA ISABEL	RAMOS	CABRERA	9842678895	2024-07-24	CO_PUBL	10200	22	3025	4200
10202	SOFÍA DANIELA	SILVA	NÚÑEZ	9842678895	2024-07-24	CO_PUBL	10200	22	3025	4200
10203	HÉCTOR IVÁN	GONZÁLEZ	RAMÍREZ	9842678895	2024-07-24	EM_ALMC	10200	21	3025	2000
10204	PEDRO JOAQUÍN	RUIZ	RAMOS	9842678895	2024-07-24	EM_ALMC	10200	21	3025	2000
10205	JESÚS CARLOS	MEDINA	LÓPEZ	9842678895	2024-07-24	RE_TRAN	10200	23	3025	4000
10206	SOFÍA AURORA	SILVA	MENDOZA	9842678895	2024-07-24	RE_TRAN	10200	23	3025	4000
10207	PEDRO DAMIAN	ROMERO	MEDINA	9842678895	2024-07-24	AS_VENT	10200	23	3025	6000
10208	CARLOS ARTURO	MEDINA	LÓPEZ	9842678895	2024-07-24	AS_VENT	10200	23	3025	6000
10209	PEDRO JOSUÉ	ESCOBAR	CARRILLO	9842678895	2024-07-24	AS_VENT	10200	23	3025	6000
10210	CLAUDIA GABRIELA	MOLINA	ROJAS	9838367824	2024-07-29	EN_SUCU	10001	20	3030	16000
10211	ADRIANA VERÓNICA	CHÁVEZ	ROJAS	9838367824	2024-07-29	CO_PUBL	10210	22	3030	4200
10212	JUAN ADRIÁN	CABRERA	RODRÍGUEZ	9838367824	2024-07-29	CO_PUBL	10210	22	3030	4200
10213	OCTAVIO ANDRÉS	PÉREZ	CORTÉS	9838367824	2024-07-29	EM_ALMC	10210	21	3030	2000
10214	JUAN JOSÉ	MONTES	SALAZAR	9838367824	2024-07-29	EM_ALMC	10210	21	3030	2000
10215	SARA PALOMA	GUERRERO	LÓPEZ	9838367824	2024-07-29	RE_TRAN	10210	23	3030	4000
10216	JOSÉ ISAAC	GONZÁLEZ	PEÑA	9838367824	2024-07-29	RE_TRAN	10210	23	3030	4000
10217	VERÓNICA EMILIA	PAREDES	MEJÍA	9838367824	2024-07-29	AS_VENT	10210	23	3030	6000
10218	JOSÉ ISMAEL	LÓPEZ	SOTO	9838367824	2024-07-29	AS_VENT	10210	23	3030	6000
10219	CAMILA GUADALUPE	ACOSTA	PÉREZ	9838367824	2024-07-29	AS_VENT	10210	23	3030	6000
10220	SERGIO GABRIEL	MOLINA	RAMÍREZ	9371058970	2024-08-08	EN_SUCU	10001	20	4000	16000
10221	ANA VICTORIA	MEDINA	LÓPEZ	9371058970	2024-08-08	CO_PUBL	10220	22	4000	4200
10222	CARLOS JORGE	VARGAS	ROJAS	9371058970	2024-08-08	CO_PUBL	10220	22	4000	4200
10223	FRANCISCO ISMAEL	ROBLES	PEÑA	9371058970	2024-08-08	EM_ALMC	10220	21	4000	2000
10224	DIEGO MAURICIO	MEJÍA	FUENTES	9371058970	2024-08-08	EM_ALMC	10220	21	4000	2000
10225	MAGNOLIA LUCÍA	ORTIZ	ESCOBAR	9371058970	2024-08-08	RE_TRAN	10220	23	4000	4000
10226	LAURA MARGOTH	SALAZAR	ORTIZ	9371058970	2024-08-08	RE_TRAN	10220	23	4000	4000
10227	SERGIO MANUEL	SÁNCHEZ	GONZÁLEZ	9371058970	2024-08-08	AS_VENT	10220	23	4000	6000
10228	RAÚL ENRIQUE	PÉREZ	CABRERA	9371058970	2024-08-08	AS_VENT	10220	23	4000	6000
10229	PEDRO EDUARDO	SÁNCHEZ	SALAZAR	9371058970	2024-08-08	AS_VENT	10220	23	4000	6000
10230	MARTHA VERÓNICA	SÁNCHEZ	MARTÍNEZ	9363622912	2024-08-13	EN_SUCU	10001	20	4005	16000
10231	JULIA MARGARITA	ACOSTA	SILVA	9363622912	2024-08-13	CO_PUBL	10230	22	4005	4200
10232	CARLOS EMMANUEL	TORRES	ROMERO	9363622912	2024-08-13	CO_PUBL	10230	22	4005	4200
10233	MARÍA GUADALUPE	ROJAS	CHÁVEZ	9363622912	2024-08-13	EM_ALMC	10230	21	4005	2000
10234	FRANCISCA CAMILA	CHÁVEZ	CAMACHO	9363622912	2024-08-13	EM_ALMC	10230	21	4005	2000
10235	VÍCTOR HUGO	SÁNCHEZ	VEGA	9363622912	2024-08-13	RE_TRAN	10230	23	4005	4000
10236	MANUEL ANDRÉS	CASTILLO	ACOSTA	9363622912	2024-08-13	RE_TRAN	10230	23	4005	4000
10237	SARA SOFÍA	JIMÉNEZ	HERRERA	9363622912	2024-08-13	AS_VENT	10230	23	4005	6000
10238	GABRIELA GUADALUPE	MOLINA	ORTIZ	9363622912	2024-08-13	AS_VENT	10230	23	4005	6000
10239	SARA ALITZEL	ROMERO	PAREDES	9363622912	2024-08-13	AS_VENT	10230	23	4005	6000
10240	JORGE FERNANDO	CHÁVEZ	REYES	9173750648	2024-08-16	EN_SUCU	10001	20	4010	16000
10241	LUIS ARTURO	CAMACHO	VARGAS	9173750648	2024-08-16	CO_PUBL	10240	22	4010	4200
10242	RAÚL EDUARDO	CAMACHO	ACOSTA	9173750648	2024-08-16	CO_PUBL	10240	22	4010	4200
10243	MARÍA ISABEL	ROJAS	FLORES	9173750648	2024-08-16	EM_ALMC	10240	21	4010	2000
10244	MANUEL DE JESÚS	ROJAS	MARTÍNEZ	9173750648	2024-08-16	EM_ALMC	10240	21	4010	2000
10245	PATRICIA DEL CARMEN	ORTIZ	SILVA	9173750648	2024-08-16	RE_TRAN	10240	23	4010	4000
10246	PAOLA ELENA	MENDOZA	MENDOZA	9173750648	2024-08-16	RE_TRAN	10240	23	4010	4000
10247	LUIS ENRIQUE	MONTES	CORTÉS	9173750648	2024-08-16	AS_VENT	10240	23	4010	6000
10248	SARA AZUCENA	LÓPEZ	SILVA	9173750648	2024-08-16	AS_VENT	10240	23	4010	6000
10249	PAULA FRANCISCA	TORRES	CABRERA	9173750648	2024-08-16	AS_VENT	10240	23	4010	6000
10250	ELENA GUADALUPE	REYES	CASTILLO	9933570640	2024-08-19	EN_SUCU	10001	20	4015	16000
10251	NATALIA ISELA	SILVA	CASTILLO	9933570640	2024-08-19	CO_PUBL	10250	22	4015	4200
10252	CLAUDIA GABRIELA	PÉREZ	GÓMEZ	9933570640	2024-08-19	CO_PUBL	10250	22	4015	4200
10253	LUIS ISAAC	TORRES	CARRILLO	9933570640	2024-08-19	EM_ALMC	10250	21	4015	2000
10254	PAULA PATRICIA	SÁNCHEZ	TORRES	9933570640	2024-08-19	EM_ALMC	10250	21	4015	2000
10255	JOSÉ ALEJANDRO	MORALES	CARRILLO	9933570640	2024-08-19	RE_TRAN	10250	23	4015	4000
10256	RIGOBERTO ADRIÁN	FLORES	VEGA	9933570640	2024-08-19	RE_TRAN	10250	23	4015	4000
10257	MARÍA ELENA	SÁNCHEZ	NÚÑEZ	9933570640	2024-08-19	AS_VENT	10250	23	4015	6000
10258	PAULA ISABEL	ORTIZ	MENDOZA	9933570640	2024-08-19	AS_VENT	10250	23	4015	6000
10259	FERNANDO ANTONIO	GÓMEZ	GÓMEZ	9933570640	2024-08-19	AS_VENT	10250	23	4015	6000
10260	NATALIA	SILVA	REYES	9333330227	2024-08-19	EN_SUCU	10001	20	4020	16000
10261	ELENA	MONTES	REYES	9333330227	2024-08-19	CO_PUBL	10260	22	4020	4200
10262	PATRICIA	FLORES	PAREDES	9333330227	2024-08-19	CO_PUBL	10260	22	4020	4200
10263	DIEGO OSVALDO	FUENTES	ROJAS	9333330227	2024-08-19	EM_ALMC	10260	21	4020	2000
10264	RAÚL ANDRÉS	CABRERA	MEDINA	9333330227	2024-08-19	EM_ALMC	10260	21	4020	2000
10265	CLAUDIA ANGÉLICA	RAMOS	MEDINA	9333330227	2024-08-19	RE_TRAN	10260	23	4020	4000
10266	JUAN JOSÉ	MOLINA	GUERRERO	9333330227	2024-08-19	RE_TRAN	10260	23	4020	4000
10267	PAULA IRASEMA	RAMOS	ROBLES	9333330227	2024-08-19	AS_VENT	10260	23	4020	6000
10268	ELENA ANTONIA	VARGAS	RAMOS	9333330227	2024-08-19	AS_VENT	10260	23	4020	6000
10269	JULIO ALEJANDRO	NÚÑEZ	MEJÍA	9333330227	2024-08-19	AS_VENT	10260	23	4020	6000
10270	ROSA LAURA	VALDEZ	SILVA	9333340200	2024-08-23	EN_SUCU	10001	20	4025	16000
10271	RIGOBERTO ALEJANDRO	ACOSTA	MORALES	9333340200	2024-08-23	CO_PUBL	10270	22	4025	4200
10272	MAGNOLIA NATALIA	PAREDES	RUIZ	9333340200	2024-08-23	CO_PUBL	10270	22	4025	4200
10273	MARÍA ISABEL	PAREDES	MARTÍNEZ	9333340200	2024-08-23	EM_ALMC	10270	21	4025	2000
10274	SERGIO OSVALDO	GARCÍA	FLORES	9333340200	2024-08-23	EM_ALMC	10270	21	4025	2000
10275	VERÓNICA DANIELA	RAMOS	CHÁVEZ	9333340200	2024-08-23	RE_TRAN	10270	23	4025	4000
10276	JUAN MANUEL	PÉREZ	DÍAZ	9333340200	2024-08-23	RE_TRAN	10270	23	4025	4000
10277	ROSAURA VERÓNICA	ESCOBAR	RAMOS	9333340200	2024-08-23	AS_VENT	10270	23	4025	6000
10278	MANUEL ANDRÉS	SALAZAR	CRUZ	9333340200	2024-08-23	AS_VENT	10270	23	4025	6000
10279	ROSA FRANCISCA	SÁNCHEZ	HERRERA	9333340200	2024-08-23	AS_VENT	10270	23	4025	6000
10280	RICARDO ALEXIS	DÍAZ	VALDEZ	9336881055	2024-08-29	EN_SUCU	10001	20	4030	16000
10281	PAULA CATALINA	PAREDES	VARGAS	9336881055	2024-08-29	CO_PUBL	10280	22	4030	4200
10282	ELENA DEL CARMEN	MARTÍNEZ	MARTÍNEZ	9336881055	2024-08-29	CO_PUBL	10280	22	4030	4200
10283	JORGE FERNANDO	RUIZ	GARCÍA	9336881055	2024-08-29	EM_ALMC	10280	21	4030	2000
10284	HÉCTOR MAURICIO	PÉREZ	GÓMEZ	9336881055	2024-08-29	EM_ALMC	10280	21	4030	2000
10285	MARÍA GUADALUPE	VEGA	GUERRERO	9336881055	2024-08-29	RE_TRAN	10280	23	4030	4000
10286	LUIS ARNULFO	CARRILLO	GONZÁLEZ	9336881055	2024-08-29	RE_TRAN	10280	23	4030	4000
10287	RICARDO FRANCISCO	RIVERA	MOLINA	9336881055	2024-08-29	AS_VENT	10280	23	4030	6000
10288	SERGIO EMMANUEL	VARGAS	TORRES	9336881055	2024-08-29	AS_VENT	10280	23	4030	6000
10289	RIGOBERTO ADRIÁN	LÓPEZ	RODRÍGUEZ	9336881055	2024-08-29	AS_VENT	10280	23	4030	6000
10290	PEDRO MANUEL	DÍAZ	RUIZ	9931612332	2024-09-07	EN_SUCU	10001	20	4035	16000
10291	PAULA MARGARITA	CARRILLO	CHÁVEZ	9931612332	2024-09-07	CO_PUBL	10290	22	4035	4200
10292	DANIELA DEL SOCORRO	CARRILLO	CAMACHO	9931612332	2024-09-07	CO_PUBL	10290	22	4035	4200
10293	VÍCTOR IVÁN	GARCÍA	LÓPEZ	9931612332	2024-09-07	EM_ALMC	10290	21	4035	2000
10294	ADRIANA ISABEL	PÉREZ	GONZÁLEZ	9931612332	2024-09-07	EM_ALMC	10290	21	4035	2000
10295	SERGIO ERNESTO	SÁNCHEZ	MORALES	9931612332	2024-09-07	RE_TRAN	10290	23	4035	4000
10296	LUIS FERNANDO	CORTÉS	GÓMEZ	9931612332	2024-09-07	RE_TRAN	10290	23	4035	4000
10297	ROSA ISELA	LÓPEZ	NÚÑEZ	9931612332	2024-09-07	AS_VENT	10290	23	4035	6000
10298	AURORA SOFÍA	CABRERA	GONZÁLEZ	9931612332	2024-09-07	AS_VENT	10290	23	4035	6000
10299	JOSÉ PEDRO	CHÁVEZ	MEDINA	9931612332	2024-09-07	AS_VENT	10290	23	4035	6000
10300	MARÍA ELENA	AGUILAR	TORRES	9321305065	2024-09-13	EN_SUCU	10001	20	4040	16000
10301	JESÚS ANDRÉS	TORRES	RODRÍGUEZ	9321305065	2024-09-13	CO_PUBL	10300	22	4040	4200
10302	SERGIO ALEJANDRO	RUIZ	MOLINA	9321305065	2024-09-13	CO_PUBL	10300	22	4040	4200
10303	MIGUEL ÁNGEL	ORTIZ	JIMÉNEZ	9321305065	2024-09-13	EM_ALMC	10300	21	4040	2000
10304	PATRICIA GUADALUPE	CAMACHO	ROMERO	9321305065	2024-09-13	EM_ALMC	10300	21	4040	2000
10305	PEDRO ANTONIO	CASTILLO	FUENTES	9321305065	2024-09-13	RE_TRAN	10300	23	4040	4000
10306	DANIELA ELIZABETH	LÓPEZ	CABRERA	9321305065	2024-09-13	RE_TRAN	10300	23	4040	4000
10307	SARA PATRICIA	VARGAS	VARGAS	9321305065	2024-09-13	AS_VENT	10300	23	4040	6000
10308	MARÍA DANIELA	MEDINA	CASTILLO	9321305065	2024-09-13	AS_VENT	10300	23	4040	6000
10309	SERGIO ENRIQUE	MOLINA	VALDEZ	9321305065	2024-09-13	AS_VENT	10300	23	4040	6000
10310	HÉCTOR GERARDO	SÁNCHEZ	VARGAS	9933548881	2024-09-18	EN_SUCU	10001	20	4045	16000
10311	CLAUDIA	ROBLES	VARGAS	9933548881	2024-09-18	CO_PUBL	10310	22	4045	4200
10312	MARÍA AZUCENA	MEDINA	PEÑA	9933548881	2024-09-18	CO_PUBL	10310	22	4045	4200
10313	ROSAURA ELENA	ESCOBAR	DELGADO	9933548881	2024-09-18	EM_ALMC	10310	21	4045	2000
10314	SERGIO DAMIAN	SALAZAR	MONTES	9933548881	2024-09-18	EM_ALMC	10310	21	4045	2000
10315	VERÓNICA ISABEL	MEJÍA	CORTÉS	9933548881	2024-09-18	RE_TRAN	10310	23	4045	4000
10316	LUCÍA ANGÉLICA	DÍAZ	MEJÍA	9933548881	2024-09-18	RE_TRAN	10310	23	4045	4000
10317	DANIELA FABIOLA	RAMOS	SÁNCHEZ	9933548881	2024-09-18	AS_VENT	10310	23	4045	6000
10318	JULIA EMILIA	RUIZ	CASTILLO	9933548881	2024-09-18	AS_VENT	10310	23	4045	6000
10319	MARÍA ISABEL	CORTÉS	VEGA	9933548881	2024-09-18	AS_VENT	10310	23	4045	6000
10320	DIEGO ADRIÁN	CRUZ	ACOSTA	9711592932	2024-09-27	EN_SUCU	10001	20	5000	16000
10321	LUCÍA GUADALUPE	PÉREZ	CASTILLO	9711592932	2024-09-27	CO_PUBL	10320	22	5000	4200
10322	KAREN ISABEL	CARRILLO	DELGADO	9711592932	2024-09-27	CO_PUBL	10320	22	5000	4200
10323	FRANCISCO	MEDINA	PÉREZ	9711592932	2024-09-27	EM_ALMC	10320	21	5000	2000
10324	LUCÍA GABRIELA	RUIZ	FLORES	9711592932	2024-09-27	EM_ALMC	10320	21	5000	2000
10325	SARA LAURA	SALAZAR	NÚÑEZ	9711592932	2024-09-27	RE_TRAN	10320	23	5000	4000
10326	PEDRO OCTAVIO	REYES	ROMERO	9711592932	2024-09-27	RE_TRAN	10320	23	5000	4000
10327	VÍCTOR	GUERRERO	MEJÍA	9711592932	2024-09-27	AS_VENT	10320	23	5000	6000
10328	PEDRO ARMANDO	CORTÉS	HERRERA	9711592932	2024-09-27	AS_VENT	10320	23	5000	6000
10329	HÉCTOR IGNACIO	RODRÍGUEZ	PAREDES	2878778399	2024-09-30	AS_VENT	10320	23	5005	6000
10330	ANDRÉS	MONTES	SÁNCHEZ	2878778399	2024-09-30	EN_SUCU	10001	20	5005	16000
10331	JULIO ADRIÁN	FUENTES	AGUILAR	2878778399	2024-09-30	CO_PUBL	10330	22	5005	4200
10332	LUCÍA ANGELES	CARRILLO	CAMACHO	2878778399	2024-09-30	CO_PUBL	10330	22	5005	4200
10333	DIEGO MATEO	RIVERA	TORRES	2878778399	2024-09-30	EM_ALMC	10330	21	5005	2000
10334	SIVIA NATALIA	LÓPEZ	RAMOS	2878778399	2024-09-30	EM_ALMC	10330	21	5005	2000
10335	FERNANDO ARTURO HUMBERTO	SILVA	VARGAS	2878778399	2024-09-30	RE_TRAN	10330	23	5005	4000
10336	ROSA DEL CARMEN	DÍAZ	CASTILLO	2878778399	2024-09-30	RE_TRAN	10330	23	5005	4000
10337	ANA MARÍA	MONTES	JIMÉNEZ	2878778399	2024-09-30	AS_VENT	10330	23	5005	6000
10338	SOFÍA ALEJANDRA	CORTÉS	CHÁVEZ	2878778399	2024-09-30	AS_VENT	10330	23	5005	6000
10339	SERGIO OCTAVIO	MARTÍNEZ	VALDEZ	2878778399	2024-09-30	AS_VENT	10330	23	5005	6000
10340	HUGO JUAN	GONZÁLEZ	CARRILLO	9726882500	2024-10-05	EN_SUCU	10001	20	5010	6000
10341	ALBERTO ENRIQUE	SÁNCHEZ	AGUILAR	9726882500	2024-10-05	CO_PUBL	10340	22	5010	16000
10342	MANUEL IVÁN	PÉREZ	FLORES	9726882500	2024-10-05	CO_PUBL	10340	22	5010	4200
10343	PAULA LETICIA	LÓPEZ	MEJÍA	9726882500	2024-10-05	EM_ALMC	10340	21	5010	2000
10344	ISABEL ANTONIA	VEGA	CORTÉS	9726882500	2024-10-05	EM_ALMC	10340	21	5010	2000
10345	PATRICIA IRASEMA	ORTIZ	PAREDES	9726882500	2024-10-05	RE_TRAN	10340	23	5010	4000
10346	LUIS ALEJANDRO	LÓPEZ	RODRÍGUEZ	9726882500	2024-10-05	RE_TRAN	10340	23	5010	4000
10347	ANA DANIELA	TORRES	SOTO	9726882500	2024-10-05	AS_VENT	10340	23	5010	6000
10348	PATRICIA DEL CARMEN	SILVA	CABRERA	9726882500	2024-10-05	AS_VENT	10340	23	5010	6000
10349	ROSA DANIELA	RAMOS	ROJAS	9726882500	2024-10-05	AS_VENT	10340	23	5010	6000
10350	JUAN ANTONIO	DELGADO	DELGADO	9716882712	2024-10-14	EN_SUCU	10001	20	5015	16000
10351	JULIA MARGARITA	CHÁVEZ	VEGA	9716882712	2024-10-14	CO_PUBL	10350	22	5015	4200
10352	JOSÉ LUIS	LÓPEZ	FLORES	9716882712	2024-10-14	CO_PUBL	10350	22	5015	4200
10353	DIEGO EDUARDO	ORTIZ	GONZÁLEZ	9716882712	2024-10-14	EM_ALMC	10350	21	5015	2000
10354	RICARDO ARMANDO	SILVA	CRUZ	9716882712	2024-10-14	EM_ALMC	10350	21	5015	2000
10355	DANIELA DEL ROSARIO	DELGADO	ROJAS	9716882712	2024-10-14	RE_TRAN	10350	23	5015	4000
10356	FERNANDO ANTONIO	MOLINA	DELGADO	9716882712	2024-10-14	RE_TRAN	10350	23	5015	4000
10357	CARLOS FRANCISCO	CASTILLO	JIMÉNEZ	9716882712	2024-10-14	AS_VENT	10350	23	5015	6000
10358	JORGE HUMBERTO	GUERRERO	ESCOBAR	9716882712	2024-10-14	AS_VENT	10350	23	5015	6000
10359	LUIS ERNESTO	RIVERA	VEGA	9716882712	2024-10-14	AS_VENT	10350	23	5015	6000
10360	ROSA GABRIELA	DELGADO	RODRÍGUEZ	9716881479	2024-10-21	EN_SUCU	10001	20	5020	16000
10361	JULIA CARLOTA	SILVA	PÉREZ	9716881479	2024-10-21	CO_PUBL	10360	22	5020	4200
10362	RAÚL ELISEO	VARGAS	GARCÍA	9716881479	2024-10-21	CO_PUBL	10360	22	5020	4200
10363	VALERIA DEL ROCÍO	MEJÍA	GÓMEZ	9716881479	2024-10-21	EM_ALMC	10360	21	5020	2000
10364	JORGE DANIEL	ORTIZ	MEJÍA	9716881479	2024-10-21	EM_ALMC	10360	21	5020	2000
10365	SERGIO ARTURO	REYES	VALDEZ	9716881479	2024-10-21	RE_TRAN	10360	23	5020	4000
10366	FERNANDO JAVIER	PAREDES	ROBLES	9716881479	2024-10-21	RE_TRAN	10360	23	5020	4000
10367	LUIS ALBERTO	NÚÑEZ	HERRERA	9716881479	2024-10-21	AS_VENT	10360	23	5020	6000
10368	CAMILA GUADALUPE	LÓPEZ	GONZÁLEZ	9716881479	2024-10-21	AS_VENT	10360	23	5020	6000
10369	MARTHA VALERIA	VEGA	VALDEZ	9716881479	2024-10-21	AS_VENT	10360	23	5020	6000
10370	VALERIA ASUNCIÓN	ROMERO	REYES	2291554112	2024-10-23	EN_SUCU	10001	20	6000	16000
10371	RAÚL	SÁNCHEZ	RODRÍGUEZ	2291554112	2024-10-23	CO_PUBL	10370	22	6000	4200
10372	PAULA	ROBLES	PÉREZ	2291554112	2024-10-23	CO_PUBL	10370	22	6000	4200
10373	DANIELA	PÉREZ	ACOSTA	2291554112	2024-10-23	EM_ALMC	10370	21	6000	2000
10374	PAULA	CASTILLO	ROMERO	2291554112	2024-10-23	EM_ALMC	10370	21	6000	2000
10375	ANA PATRICIA	GARCÍA	AGUILAR	2291554112	2024-10-23	RE_TRAN	10370	23	6000	4000
10376	LUCÍA ESMERALDA	VARGAS	MORALES	2291554112	2024-10-23	RE_TRAN	10370	23	6000	4000
10377	PEDRO OCTAVIO	MEJÍA	CORTÉS	2291554112	2024-10-23	AS_VENT	10370	23	6000	6000
10378	RICARDO MAURICIO	SOTO	ROBLES	2291554112	2024-10-23	AS_VENT	10370	23	6000	6000
10379	JUAN ANTONO	CRUZ	TORRES	2291554112	2024-10-23	AS_VENT	10370	23	6000	6000
10380	VÍCTOR RICARDO	CASTILLO	DELGADO	7821190274	2024-10-26	EN_SUCU	10001	20	6005	16000
10381	FRANCISCO MANUEL	RODRÍGUEZ	PAREDES	7821190274	2024-10-26	CO_PUBL	10380	22	6005	4200
10382	VALERIA MARGAITA	NÚÑEZ	VARGAS	7821190274	2024-10-26	CO_PUBL	10380	22	6005	4200
10383	LUIS FRANCISCO	GONZÁLEZ	LÓPEZ	7821190274	2024-10-26	EM_ALMC	10380	21	6005	2000
10384	NATALIA AZUCENA	ROMERO	VARGAS	7821190274	2024-10-26	EM_ALMC	10380	21	6005	2000
10385	VÍCTOR HUGO	CABRERA	MARTÍNEZ	7821190274	2024-10-26	RE_TRAN	10380	23	6005	4000
10386	JOSÉ LUIS	GÓMEZ	SÁNCHEZ	7821190274	2024-10-26	RE_TRAN	10380	23	6005	4000
10387	JORGE MANUEL	MOLINA	CHÁVEZ	7821190274	2024-10-26	AS_VENT	10380	23	6005	6000
10388	DIEGO ALBERTO	DÍAZ	DÍAZ	7821190274	2024-10-26	AS_VENT	10380	23	6005	6000
10389	PATRICIA GABRIELA	RODRÍGUEZ	ALBORES	7821190274	2024-10-26	AS_VENT	10380	23	6005	6000
10390	NATALIA CAROLINA	GUERRERO	TORRES	2713376098	2024-10-30	EN_SUCU	10001	20	6010	16000
10391	CARMEN GRACIELA	MEJÍA	MEDINA	2713376098	2024-10-30	CO_PUBL	10390	22	6010	4200
10392	MANUEL DE JESÚS	CRUZ	SALAZAR	2713376098	2024-10-30	CO_PUBL	10390	22	6010	4200
10393	MARÍA DEL SOCORRO	GÓMEZ	CHÁVEZ	2713376098	2024-10-30	EM_ALMC	10390	21	6010	2000
10394	LAURA ANDREA	DÍAZ	AGUILAR	2713376098	2024-10-30	EM_ALMC	10390	21	6010	2000
10395	MIGUEL ARTURO	GÓMEZ	FLORES	2713376098	2024-10-30	RE_TRAN	10390	23	6010	4000
10396	MARÍA DE LOS ÁNGELES	MORALES	MORALES	2713376098	2024-10-30	RE_TRAN	10390	23	6010	4000
10397	ANDRÉS ALEJANDRO	CRUZ	MONTES	2713376098	2024-10-30	AS_VENT	10390	23	6010	6000
10398	PAULA GABRIELA	CABRERA	REYES	2713376098	2024-10-30	AS_VENT	10390	23	6010	6000
10199	SOFÍA MAGDALENA	GÓMEZ	ESCOBAR	9843232509	2024-07-21	AS_VENT	10390	23	3020	6000
10401	DIEGO	REYES	VARGAS	2711170202	2024-11-04	CO_PUBL	10400	22	6015	4200
10402	VERÓNICA	PEÑA	GUERRERO	2711170202	2024-11-04	CO_PUBL	10400	22	6015	4200
10403	MANUEL	DELGADO	PEÑA	2711170202	2024-11-04	EM_ALMC	10400	21	6015	2000
10404	ALBERTO	JIMÉNEZ	MARTÍNEZ	2711170202	2024-11-04	EM_ALMC	10400	21	6015	2000
10405	DIEGO	ACOSTA	DÍAZ	2711170202	2024-11-04	RE_TRAN	10400	23	6015	4000
10406	LUIS	SÁNCHEZ	MARTÍNEZ	2711170202	2024-11-04	RE_TRAN	10400	23	6015	4000
10407	ROSA	CHÁVEZ	SÁNCHEZ	2711170202	2024-11-04	AS_VENT	10400	23	6015	6000
10408	CAMILA	GUERRERO	ORTIZ	2711170202	2024-11-04	AS_VENT	10400	23	6015	6000
10409	DIEGO	SÁNCHEZ	PÉREZ	2711170202	2024-11-04	AS_VENT	10400	23	6015	6000
10400	MIGUEL	MONTES	CRUZ	2711170202	2024-11-04	EN_SUCU	10001	20	6015	16000
10410	SERGIO	RODRÍGUEZ	MENDOZA	2713376098	2024-11-07	EN_SUCU	10001	20	6020	16000
10411	ANA	ACOSTA	CASTILLO	2713376098	2024-11-07	CO_PUBL	10410	22	6020	4200
10412	LUIS	ROJAS	SOTO	2713376098	2024-11-07	CO_PUBL	10410	22	6020	4200
10413	DIEGO	FUENTES	MORALES	2713376098	2024-11-07	EM_ALMC	10410	21	6020	2000
10414	JOSÉ	MEJÍA	FUENTES	2713376098	2024-11-07	EM_ALMC	10410	21	6020	2000
10415	MARÍA	MEDINA	CARRILLO	2713376098	2024-11-07	RE_TRAN	10410	23	6020	4000
10416	CLAUDIA	MENDOZA	JIMÉNEZ	2713376098	2024-11-07	RE_TRAN	10410	23	6020	4000
10417	RAÚL	MORALES	ROMERO	2713376098	2024-11-07	AS_VENT	10410	23	6020	6000
10418	MARÍA	GUERRERO	FLORES	2713376098	2024-11-07	AS_VENT	10410	23	6020	6000
10419	JOSÉ	REYES	ROJAS	2713376098	2024-11-07	AS_VENT	10410	23	6020	6000
10420	SOFÍA	GÓMEZ	LÓPEZ	9241064133	2024-11-09	EN_SUCU	10001	20	6025	16000
10421	VÍCTOR	MENDOZA	ORTIZ	9241064133	2024-11-09	CO_PUBL	10420	22	6025	4200
10422	PAULA	CORTÉS	VEGA	9241064133	2024-11-09	CO_PUBL	10420	22	6025	4200
10423	JUAN	ROBLES	GARCÍA	9241064133	2024-11-09	EM_ALMC	10420	21	6025	2000
10424	ELENA	MEJÍA	GÓMEZ	9241064133	2024-11-09	EM_ALMC	10420	21	6025	2000
10425	ISABEL	ORTIZ	VEGA	9241064133	2024-11-09	RE_TRAN	10420	23	6025	4000
10426	HÉCTOR DAVID	LÓPEZ	CRUZ	9241064133	2024-11-09	RE_TRAN	10420	23	6025	4000
10427	VERÓNICA	CAMACHO	PEÑA	9241064133	2024-11-09	AS_VENT	10420	23	6025	6000
10428	ANA	ROJAS	PAREDES	9241064133	2024-11-09	AS_VENT	10420	23	6025	6000
10429	NATALIA	MONTES	GUERRERO	9241064133	2024-11-09	AS_VENT	10420	23	6025	6000
10430	LUIS	MARTÍNEZ	RUIZ	9222257350	2024-11-12	EN_SUCU	10001	20	6030	16000
10431	DIEGO	PAREDES	MONTES	9222257350	2024-11-12	CO_PUBL	10430	22	6030	4200
10432	MIGUEL	CARRILLO	RAMÍREZ	9222257350	2024-11-12	CO_PUBL	10430	22	6030	4200
10433	CAMILA	GONZÁLEZ	CRUZ	9222257350	2024-11-12	EM_ALMC	10430	21	6030	2000
10434	ALBERTO	VEGA	VARGAS	9222257350	2024-11-12	EM_ALMC	10430	21	6030	2000
10435	JORGE	DÍAZ	RODRÍGUEZ	9222257350	2024-11-12	RE_TRAN	10430	23	6030	4000
10436	JUAN	ROBLES	CRUZ	9222257350	2024-11-12	RE_TRAN	10430	23	6030	4000
10437	FRANCISCO	ESCOBAR	SOTO	9222257350	2024-11-12	AS_VENT	10430	23	6030	6000
10438	PATRICIA	VARGAS	RAMOS	9222257350	2024-11-12	AS_VENT	10430	23	6030	6000
10439	JORGE	HERRERA	REYES	9222257350	2024-11-12	AS_VENT	10430	23	6030	6000
10440	FERNANDO	CAMACHO	CABRERA	9221286074	2024-11-16	EN_SUCU	10001	20	6035	16000
10441	RAÚL	VALDEZ	CORTÉS	9221286074	2024-11-16	CO_PUBL	10440	22	6035	4200
10442	CAMILA	ROBLES	LÓPEZ	9221286074	2024-11-16	CO_PUBL	10440	22	6035	4200
10443	ISABEL	CARRILLO	RODRÍGUEZ	9221286074	2024-11-16	EM_ALMC	10440	21	6035	2000
10444	VERÓNICA	CRUZ	NÚÑEZ	9221286074	2024-11-16	EM_ALMC	10440	21	6035	2000
10445	ALBERTO	GUERRERO	LÓPEZ	9221286074	2024-11-16	RE_TRAN	10440	23	6035	4000
10446	VÍCTOR	DÍAZ	CAMACHO	9221286074	2024-11-16	RE_TRAN	10440	23	6035	4000
10447	DIEGO	MEJÍA	RIVERA	9221286074	2024-11-16	AS_VENT	10440	23	6035	6000
10448	VÍCTOR	RIVERA	GONZÁLEZ	9221286074	2024-11-16	AS_VENT	10440	23	6035	6000
10449	VALERIA	LÓPEZ	REYES	9221286074	2024-11-16	AS_VENT	10440	23	6035	6000
10450	DANIELA	SÁNCHEZ	ORTIZ	2321247827	2024-11-19	EN_SUCU	10001	20	6040	16000
10451	LUIS	ACOSTA	FUENTES	2321247827	2024-11-19	CO_PUBL	10450	22	6040	4200
10452	ISABEL	JIMÉNEZ	RAMÍREZ	2321247827	2024-11-19	CO_PUBL	10450	22	6040	4200
10453	CARLOS	DELGADO	JIMÉNEZ	2321247827	2024-11-19	EM_ALMC	10450	21	6040	2000
10454	DANIELA	ROBLES	RAMOS	2321247827	2024-11-19	EM_ALMC	10450	21	6040	2000
10455	PEDRO	CRUZ	ORTIZ	2321247827	2024-11-19	RE_TRAN	10450	23	6040	4000
10456	FERNANDO	ROJAS	PAREDES	2321247827	2024-11-19	RE_TRAN	10450	23	6040	4000
10457	HÉCTOR	ROMERO	MOLINA	2321247827	2024-11-19	AS_VENT	10450	23	6040	6000
10458	JORGE	SALAZAR	TORRES	2321247827	2024-11-19	AS_VENT	10450	23	6040	6000
10459	ALEJANDRO	CABRERA	RODRÍGUEZ	2321247827	2024-11-19	AS_VENT	10450	23	6040	6000
10460	MARÍA	RIVERA	SOTO	2941060257	2024-11-23	EN_SUCU	10001	20	6045	16000
10461	DANIELA	ORTIZ	SILVA	2941060257	2024-11-23	CO_PUBL	10460	22	6045	4200
10462	JOSÉ	MARTÍNEZ	GONZÁLEZ	2941060257	2024-11-23	CO_PUBL	10460	22	6045	4200
10463	RAÚL	AGUILAR	RIVERA	2941060257	2024-11-23	EM_ALMC	10460	21	6045	2000
10464	ISABEL	FUENTES	REYES	2941060257	2024-11-23	EM_ALMC	10460	21	6045	2000
10465	JOSÉ	RUIZ	SALAZAR	2941060257	2024-11-23	RE_TRAN	10460	23	6045	4000
10466	FERNANDO	CRUZ	LÓPEZ	2941060257	2024-11-23	RE_TRAN	10460	23	6045	4000
10467	GABRIELA	PAREDES	CRUZ	2941060257	2024-11-23	AS_VENT	10460	23	6045	6000
10468	JOSÉ	MONTES	MONTES	2941060257	2024-11-23	AS_VENT	10460	23	6045	6000
10469	LUIS	CAMACHO	ROMERO	2941060257	2024-11-23	AS_VENT	10460	23	6045	6000
10470	DANIELA	CORTÉS	SÁNCHEZ	9222255257	2024-11-25	EN_SUCU	10001	20	6050	16000
10471	GABRIELA	TORRES	JIMÉNEZ	9222255257	2024-11-25	CO_PUBL	10470	22	6050	4200
10472	CARLOS	TORRES	ROJAS	9222255257	2024-11-25	CO_PUBL	10470	22	6050	4200
10473	HÉCTOR	MEDINA	PEÑA	9222255257	2024-11-25	EM_ALMC	10470	21	6050	2000
10474	DIEGO	PAREDES	FUENTES	9222255257	2024-11-25	EM_ALMC	10470	21	6050	2000
10475	CAMILA	MENDOZA	NÚÑEZ	9222255257	2024-11-25	RE_TRAN	10470	23	6050	4000
10476	LAURA	CASTILLO	GARCÍA	9222255257	2024-11-25	RE_TRAN	10470	23	6050	4000
10477	JULIA	VARGAS	HERNÁNDEZ	9222255257	2024-11-25	AS_VENT	10470	23	6050	6000
10478	VALERIA	ROJAS	RAMÍREZ	9222255257	2024-11-25	AS_VENT	10470	23	6050	6000
10479	JUAN	CRUZ	ROMERO	9222255257	2024-11-25	AS_VENT	10470	23	6050	6000
10480	GABRIELA	PAREDES	AGUILAR	9212299156	2024-11-30	EN_SUCU	10001	20	6055	16000
10481	ADRIÁN	ROMERO	CRUZ	9212299156	2024-11-30	CO_PUBL	10480	22	6055	4200
10482	ANDRÉS	ROBLES	MEDINA	9212299156	2024-11-30	CO_PUBL	10480	22	6055	4200
10483	LAURA	CRUZ	ROJAS	9212299156	2024-11-30	EM_ALMC	10480	21	6055	2000
10484	PEDRO	GARCÍA	CAMACHO	9212299156	2024-11-30	EM_ALMC	10480	21	6055	2000
10485	ROSA	JIMÉNEZ	HERRERA	9212299156	2024-11-30	RE_TRAN	10480	23	6055	4000
10486	LAURA	FUENTES	ESCOBAR	9212299156	2024-11-30	RE_TRAN	10480	23	6055	4000
10487	VERÓNICA	MORALES	MOLINA	9212299156	2024-11-30	AS_VENT	10480	23	6055	6000
10488	ALEJANDRO	PAREDES	SILVA	9212299156	2024-11-30	AS_VENT	10480	23	6055	6000
10489	ADRIÁN	MENDOZA	ROBLES	9212299156	2024-11-30	AS_VENT	10480	23	6055	6000
10490	PEDRO	DELGADO	ROMERO	9212530682	2024-12-05	EN_SUCU	10001	20	6060	16000
10491	DIEGO	ORTIZ	DÍAZ	9212530682	2024-12-05	CO_PUBL	10490	22	6060	4200
10492	DANIELA	VEGA	GUERRERO	9212530682	2024-12-05	CO_PUBL	10490	22	6060	4200
10493	RAÚL	PEÑA	MONTES	9212530682	2024-12-05	EM_ALMC	10490	21	6060	2000
10494	FRANCISCO	MEJÍA	ORTIZ	9212530682	2024-12-05	EM_ALMC	10490	21	6060	2000
10495	JOSÉ	MEDINA	CABRERA	9212530682	2024-12-05	RE_TRAN	10490	23	6060	4000
10496	HÉCTOR	PÉREZ	MONTES	9212530682	2024-12-05	RE_TRAN	10490	23	6060	4000
10497	LUIS	TORRES	PEÑA	9212530682	2024-12-05	AS_VENT	10490	23	6060	6000
10498	LUCÍA	PEÑA	ACOSTA	9212530682	2024-12-05	AS_VENT	10490	23	6060	6000
10499	ROSA	REYES	CHÁVEZ	9212530682	2024-12-05	AS_VENT	10490	23	6060	6000
10500	SOFÍA	GUERRERO	AGUILAR	9232377243	2024-12-07	EN_SUCU	10001	20	6065	16000
10501	CAMILA	SILVA	CASTILLO	9232377243	2024-12-07	CO_PUBL	10500	22	6065	4200
10502	CLAUDIA	ROJAS	PAREDES	9232377243	2024-12-07	CO_PUBL	10500	22	6065	4200
10503	PEDRO	CARRILLO	GARCÍA	9232377243	2024-12-07	EM_ALMC	10500	21	6065	2000
10504	SOFÍA	SOTO	ESCOBAR	9232377243	2024-12-07	EM_ALMC	10500	21	6065	2000
10505	JOSÉ	MEJÍA	RAMOS	9232377243	2024-12-07	RE_TRAN	10500	23	6065	4000
10506	RAÚL	CASTILLO	GÓMEZ	9232377243	2024-12-07	RE_TRAN	10500	23	6065	4000
10507	ALBERTO	JIMÉNEZ	ROMERO	9232377243	2024-12-07	AS_VENT	10500	23	6065	6000
10508	ALEJANDRO	PEÑA	GUERRERO	9232377243	2024-12-07	AS_VENT	10500	23	6065	6000
10509	ELENA	MEJÍA	CASTILLO	9232377243	2024-12-07	AS_VENT	10500	23	6065	6000
10510	MARÍA	SÁNCHEZ	REYES	2291664909	2024-12-11	EN_SUCU	10001	20	6070	16000
10511	SOFÍA	DÍAZ	LÓPEZ	2291664909	2024-12-11	CO_PUBL	10510	22	6070	4200
10512	CLAUDIA	NÚÑEZ	RODRÍGUEZ	2291664909	2024-12-11	CO_PUBL	10510	22	6070	4200
10513	JOSÉ	ROMERO	RIVERA	2291664909	2024-12-11	EM_ALMC	10510	21	6070	2000
10514	ISABEL	CORTÉS	FLORES	2291664909	2024-12-11	EM_ALMC	10510	21	6070	2000
10515	PATRICIA	PÉREZ	PAREDES	2291664909	2024-12-11	RE_TRAN	10510	23	6070	4000
10516	FRANCISCO	SÁNCHEZ	HERRERA	2291664909	2024-12-11	RE_TRAN	10510	23	6070	4000
10517	PAULA	CRUZ	ESCOBAR	2291664909	2024-12-11	AS_VENT	10510	23	6070	6000
10518	SOFÍA	VALDEZ	LÓPEZ	2291664909	2024-12-11	AS_VENT	10510	23	6070	6000
10519	MIGUEL	LÓPEZ	SILVA	2291664909	2024-12-11	AS_VENT	10510	23	6070	6000
10520	JUAN	ROMERO	RIVERA	2286881540	2024-12-14	EN_SUCU	10001	20	6075	16000
10521	GABRIELA	RAMÍREZ	RAMOS	2286881540	2024-12-14	CO_PUBL	10520	22	6075	4200
10522	ISABEL	PÉREZ	MEJÍA	2286881540	2024-12-14	CO_PUBL	10520	22	6075	4200
10523	MANUEL	VEGA	LÓPEZ	2286881540	2024-12-14	EM_ALMC	10520	21	6075	2000
10524	ROSA	SÁNCHEZ	CAMACHO	2286881540	2024-12-14	EM_ALMC	10520	21	6075	2000
10525	LAURA	CABRERA	DÍAZ	2286881540	2024-12-14	RE_TRAN	10520	23	6075	4000
10526	DIEGO	NÚÑEZ	MEJÍA	2286881540	2024-12-14	RE_TRAN	10520	23	6075	4000
10527	MIGUEL	RUIZ	PÉREZ	2286881540	2024-12-14	AS_VENT	10520	23	6075	6000
10528	JOSÉ	REYES	VARGAS	2286881540	2024-12-14	AS_VENT	10520	23	6075	6000
10529	FERNANDO	ROMERO	ROBLES	2286881540	2024-12-14	AS_VENT	10520	23	6075	6000
10530	MANUEL	SALAZAR	MEDINA	2288427096	2024-12-18	EN_SUCU	10001	20	6080	16000
10531	MIGUEL	CAMACHO	CAMACHO	2288427096	2024-12-18	CO_PUBL	10530	22	6080	4200
10532	FRANCISCO	JIMÉNEZ	SOTO	2288427096	2024-12-18	CO_PUBL	10530	22	6080	4200
10533	JOSÉ	TORRES	DÍAZ	2288427096	2024-12-18	EM_ALMC	10530	21	6080	2000
10534	MARÍA	NÚÑEZ	ORTIZ	2288427096	2024-12-18	EM_ALMC	10530	21	6080	2000
10535	PEDRO	GONZÁLEZ	GUERRERO	2288427096	2024-12-18	RE_TRAN	10530	23	6080	4000
10536	VÍCTOR	GARCÍA	CARRILLO	2288427096	2024-12-18	RE_TRAN	10530	23	6080	4000
10537	PATRICIA	CABRERA	MONTES	2288427096	2024-12-18	AS_VENT	10530	23	6080	6000
10538	DANIELA	ESCOBAR	ROBLES	2288427096	2024-12-18	AS_VENT	10530	23	6080	6000
10539	ALEJANDRO	VARGAS	SÁNCHEZ	2288427096	2024-12-18	AS_VENT	10530	23	6080	6000
10540	ADRIÁN	VALDEZ	MENDOZA	2721871625	2025-01-09	EN_SUCU	10001	20	6085	16000
10541	FRANCISCO	CAMACHO	RUIZ	2721871625	2025-01-09	CO_PUBL	10540	22	6085	4200
10542	PEDRO	RAMOS	DÍAZ	2721871625	2025-01-09	CO_PUBL	10540	22	6085	4200
10543	MIGUEL	RAMOS	ACOSTA	2721871625	2025-01-09	EM_ALMC	10540	21	6085	2000
10544	CAMILA	DÍAZ	SOTO	2721871625	2025-01-09	EM_ALMC	10540	21	6085	2000
10545	JULIA	MEJÍA	ACOSTA	2721871625	2025-01-09	RE_TRAN	10540	23	6085	4000
10546	MANUEL	PAREDES	ROJAS	2721871625	2025-01-09	RE_TRAN	10540	23	6085	4000
10547	ANDRÉS	MEDINA	CABRERA	2721871625	2025-01-09	AS_VENT	10540	23	6085	6000
10548	SARA	TORRES	AGUILAR	2721871625	2025-01-09	AS_VENT	10540	23	6085	6000
10549	LUCÍA	GÓMEZ	CORTÉS	2721871625	2025-01-09	AS_VENT	10540	23	6085	6000
10560	RAÚL	CABRERA	LÓPEZ	2741559386	2025-01-13	EN_SUCU	10001	20	6090	16000
10561	NATALIA	VALDEZ	RIVERA	2741559386	2025-01-13	CO_PUBL	10560	22	6090	4200
10562	JOSÉ	RIVERA	RUIZ	2741559386	2025-01-13	CO_PUBL	10560	22	6090	4200
10563	SOFÍA	RODRÍGUEZ	VALDEZ	2741559386	2025-01-13	EM_ALMC	10560	21	6090	2000
10564	ALBERTO	REYES	RIVERA	2741559386	2025-01-13	EM_ALMC	10560	21	6090	2000
10565	JOSÉ	ROJAS	CORTÉS	2741559386	2025-01-13	RE_TRAN	10560	23	6090	4000
10566	LAURA	FLORES	SALAZAR	2741559386	2025-01-13	RE_TRAN	10560	23	6090	4000
10567	HÉCTOR	VEGA	DÍAZ	2741559386	2025-01-13	AS_VENT	10560	23	6090	6000
10568	LAURA	ORTIZ	JIMÉNEZ	2741559386	2025-01-13	AS_VENT	10560	23	6090	6000
10569	GABRIELA	MONTES	GUERRERO	2741559386	2025-01-13	AS_VENT	10560	23	6090	6000
10570	VERÓNICA	MEJÍA	MOLINA	9994064872	2025-01-18	EN_SUCU	10001	20	7000	16000
10571	MARÍA	SALAZAR	ORTIZ	9994064872	2025-01-18	CO_PUBL	10570	22	7000	4200
10572	PAULA	GÓMEZ	CABRERA	9994064872	2025-01-18	CO_PUBL	10570	22	7000	4200
10573	ADRIÁN	RIVERA	DÍAZ	9994064872	2025-01-18	EM_ALMC	10570	21	7000	2000
10574	FERNANDO	ROBLES	GÓMEZ	9994064872	2025-01-18	EM_ALMC	10570	21	7000	2000
10575	CLAUDIA	SOTO	CARRILLO	9994064872	2025-01-18	RE_TRAN	10570	23	7000	4000
10576	HÉCTOR	REYES	MEDINA	9994064872	2025-01-18	RE_TRAN	10570	23	7000	4000
10577	LAURA	SÁNCHEZ	CASTILLO	9994064872	2025-01-18	AS_VENT	10570	23	7000	6000
10578	ALBERTO	REYES	ESCOBAR	9994064872	2025-01-18	AS_VENT	10570	23	7000	6000
10579	SERGIO	CRUZ	DÍAZ	9994064872	2025-01-18	AS_VENT	10570	23	7000	6000
10580	PATRICIA	MORALES	CRUZ	9997249857	2025-01-21	EN_SUCU	10001	20	7005	16000
10581	ANDRÉS	CARRILLO	VARGAS	9997249857	2025-01-21	CO_PUBL	10580	22	7005	4200
10582	CAMILA	ORTIZ	ORTIZ	9997249857	2025-01-21	CO_PUBL	10580	22	7005	4200
10583	PATRICIA	CARRILLO	PÉREZ	9997249857	2025-01-21	EM_ALMC	10580	21	7005	2000
10584	SOFÍA	RIVERA	JIMÉNEZ	9997249857	2025-01-21	EM_ALMC	10580	21	7005	2000
10585	LUIS	FUENTES	GUERRERO	9997249857	2025-01-21	RE_TRAN	10580	23	7005	4000
10586	SOFÍA	FUENTES	RUIZ	9997249857	2025-01-21	RE_TRAN	10580	23	7005	4000
10587	FERNANDO	GUERRERO	REYES	9997249857	2025-01-21	AS_VENT	10580	23	7005	6000
10588	LUIS	ACOSTA	SÁNCHEZ	9997249857	2025-01-21	AS_VENT	10580	23	7005	6000
10589	CLAUDIA	MENDOZA	CASTILLO	9997249857	2025-01-21	AS_VENT	10580	23	7005	6000
10590	JOSÉ	FUENTES	PAREDES	2381993490	2025-01-25	EN_SUCU	10001	20	8000	16000
10591	PATRICIA	GUERRERO	AGUILAR	2381993490	2025-01-25	CO_PUBL	10590	22	8000	4200
10592	FRANCISCO	SALAZAR	CARRILLO	2381993490	2025-01-25	CO_PUBL	10590	22	8000	4200
10593	ANA	CHÁVEZ	NÚÑEZ	2381993490	2025-01-25	EM_ALMC	10590	21	8000	2000
10594	ELENA	MONTES	DÍAZ	2381993490	2025-01-25	EM_ALMC	10590	21	8000	2000
10595	PEDRO	SALAZAR	AGUILAR	2381993490	2025-01-25	RE_TRAN	10590	23	8000	4000
10596	RICARDO	MEDINA	CARRILLO	2381993490	2025-01-25	RE_TRAN	10590	23	8000	4000
10597	PATRICIA	CAMACHO	MEDINA	2381993490	2025-01-25	AS_VENT	10590	23	8000	6000
10598	CAMILA	GARCÍA	TORRES	2381993490	2025-01-25	AS_VENT	10590	23	8000	6000
10599	LAURA	MEDINA	CASTILLO	2381993490	2025-01-25	AS_VENT	10590	23	8000	6000
10600	HÉCTOR	CASTILLO	GÓMEZ	2211866587	2025-01-30	EN_SUCU	10001	20	8005	16000
10601	RICARDO	NÚÑEZ	REYES	2211866587	2025-01-30	CO_PUBL	10600	22	8005	4200
10602	CAMILA	FLORES	CORTÉS	2211866587	2025-01-30	CO_PUBL	10600	22	8005	4200
10603	GABRIELA	REYES	ROBLES	2211866587	2025-01-30	EM_ALMC	10600	21	8005	2000
10604	VERÓNICA	SILVA	GONZÁLEZ	2211866587	2025-01-30	EM_ALMC	10600	21	8005	2000
10605	MIGUEL	ORTIZ	MONTES	2211866587	2025-01-30	RE_TRAN	10600	23	8005	4000
10606	ALBERTO	CARRILLO	DÍAZ	2211866587	2025-01-30	RE_TRAN	10600	23	8005	4000
10607	DIEGO	MORALES	VARGAS	2211866587	2025-01-30	AS_VENT	10600	23	8005	6000
10608	ALEJANDRO	ESCOBAR	MONTES	2211866587	2025-01-30	AS_VENT	10600	23	8005	6000
10609	SERGIO	MEDINA	FLORES	2211866587	2025-01-30	AS_VENT	10600	23	8005	6000
10610	PATRICIA	ROBLES	SOTO	2291664909	2025-02-05	EN_SUCU	10001	20	8010	16000
10611	ANDRÉS	GONZÁLEZ	VILLAFUERTE	2291664909	2025-02-05	CO_PUBL	10610	22	8010	4200
10612	KARLA CRISTINA	CRUZ	ARRIOLA	2291664909	2025-02-05	CO_PUBL	10610	22	8010	4200
10613	WILLIAM ENRIQUE	ESPINOSA	BALBUENA	2291664909	2025-02-05	EM_ALMC	10610	21	8010	2000
10614	JHONATAN SANTIAGO	HERNANDEZ	GUZMAN	2291664909	2025-02-05	EM_ALMC	10610	21	8010	2000
10615	ELIBETH	HERNANDEZ	JIMENEZ	2291664909	2025-02-05	RE_TRAN	10610	23	8010	4000
10616	CRISTIAN ALEJANDRO	DIAZ	MORALES	2291664909	2025-02-05	RE_TRAN	10610	23	8010	4000
10617	VERONICA YEZMIN	ALVAREZ	HIDALGO	2291664909	2025-02-05	AS_VENT	10610	23	8010	6000
10618	YESENIA ALEJANDRA	MICELI	GOMEZ	2291664909	2025-02-05	AS_VENT	10610	23	8010	6000
10619	JORGE LUIS	ROBLERO	RINCON	2291664909	2025-02-05	AS_VENT	10610	23	8010	6000
\.


--
-- TOC entry 5043 (class 0 OID 17989)
-- Dependencies: 220
-- Data for Name: tblestados; Type: TABLE DATA; Schema: public; Owner: postgres
--

COPY public.tblestados (id_estado, nombre_estado) FROM stdin;
1	AGUASCALIENTES
2	BAJA CALIFORNIA
3	BAJA CALIFORNIA SUR
4	CAMPECHE
5	COAHUILA DE ZARAGOZA
6	COLIMA
7	CHIAPAS
8	CHIHUAHUA
9	CIUDAD DE MÉXICO
10	DURANGO
11	GUANAJUATO
12	GUERRERO
13	HIDALGO
14	JALISCO
15	MÉXICO
16	MICHOACÁN DE OCAMPO
17	MORELOS
18	NAYARIT
19	NUEVO LEÓN
20	OAXACA
21	H. PUEBLA DE ZARAGOZA
22	QUERÉTARO
23	QUINTANA ROO
24	SAN LUIS POTOSÍ
26	SONORA
25	SINALOA
27	TABASCO
29	TLAXCALA
28	TAMAULIPAS
32	ZACATECAS
31	YUCATÁN
30	VERACRUZ DE IGNACIO DE LA LLAVE
\.


--
-- TOC entry 5042 (class 0 OID 17982)
-- Dependencies: 219
-- Data for Name: tblpuestos; Type: TABLE DATA; Schema: public; Owner: postgres
--

COPY public.tblpuestos (id_puesto, nombre_puesto, salario_min, salario_max) FROM stdin;
AD_ASIS	ASISTENTE ADMINISTRACIÓN	3000	6000
AD_GERE	GERENTE GENERAL	20000	40000
AD_SUBG	SUBGERENTE DE ADMINISTRACIÓN	15000	30000
GE_CONT	GERENTE CONTABILIDAD	9000	15000
EN_SUCU	ENCARGADO SUCURSAL	8200	16000
GE_VENT	GERENTE DE VENTAS	10000	20000
GE_ALMA	GERENTE DE ALMACEN	5500	8500
EM_ALMC	EMPLEADO DE ALMACEN	2000	5000
CO_PUBL	CONTADOR PÚBLICO	4200	9000
IT_PROG	PROGRAMADOR	4000	10000
RE_TRAN	REPARTIDOR	4000	9000
AS_VENT	ASISTENTE DE VENTAS	6000	12000
\.


--
-- TOC entry 5047 (class 0 OID 18021)
-- Dependencies: 224
-- Data for Name: tblsucursales; Type: TABLE DATA; Schema: public; Owner: postgres
--

COPY public.tblsucursales (id_sucursal, nombre_sucursal, direccion, codigo_postal, id_ciudad, id_departamento) FROM stdin;
1000	MATRIZ	CUAUHTEMOC 761 NTE. CENTRO	27000	1	25
1005	TUXTLA 9A	9A SUR OTE 566. COL. OBRERA	29080	2	24
1015	'SAN CRISTÓBAL'	'CALZADA DE LAS AMÉRICAS 3.'	29270	3	24
1020	'TAPACHULA ORIENTE'	'CALLE 17 OTE ESQ. 9A AVENIDA. COL. CENTRO'	30900	4	24
1025	'TAPACHULA SUR'	'4A AVENIDA SUR PROL. 175 COL.CANTARRANAS'	30797	4	24
1030	'HUIXTLA'	'CARRETERA COSTERA KM 1. BARRIO ESQUIPULAS'	30640	5	24
1035	'PALENQUE'	'10A AVENIDA SUR PTE S/N. COL. LA ILUSIÓN'	29960	6	24
1045	'CINTALAPA'	'1A PTE SUR S/N COL. TEPEYAC'	30400	8	24
2000	'CIUDAD DEL CARMEN'	'CALLE GUADALUPE VICTORIA 47. COL. FRANCISCO I. MADERO'	24190	9	24
2005	'CAMPECHE'	'AV. GOBERNADORES S/N BARRIO SANTA LUCÍA'	24020	10	24
2010	'CHAMPOTÓN'	'CALLE 34 S/N COL. ULISES SANSORES'	24400	11	24
2015	'ESCÁRCEGA'	'AV. SOLIDARIDAD ENTRE 61 Y 63 COL. IGNACIO ZARAGOZA'	24350	12	24
3000	'CANCÚN TALLERES'	'AV. PUERTO JUÁREZ MZ 1 LT 27 REGIÓN 92'	77516	13	24
3005	'CANCÚN PORTILLO'	'AV. JOSÉ LÓPEZ PORTILLO MZ 60 LT 16 Y 18 SM 101'	77519	13	24
3010	'CANCÚN NICHUPTÉ'	'AV. NICHUPTÉ MZ 32 LT 14 LOCALES 3 Y 4 SM 516'	77535	13	24
3015	'PLAYA DEL CARMEN'	'AV. CONSTITUYENTES ENTRE 50 Y 55 NTE MZ 114 LT 3 COL. EL PEDREGAL'	77712	14	24
3020	'PLAYA AVENIDA'	'AV. SIAAN KAAN LT 3 MZ 31 NAVE 5 COL. FUNDADORES'	77712	14	24
3025	'TULÚM'	'CALLE OOK KOT MZ 130 LT 2 REGIÓN 3 COL. MAYA PAX'	77760	15	24
3030	'CHETUMAL'	'AV. MACHUXAC S/N COL. COMITÉ PROTERRITORIO'	77086	16	24
4005	'MACUSPANA'	'BLVD CARLOS A. MADRAZO BECERRA S/N COL. INDEPENDECIA'	86700	18	24
4010	'HUIMANGUILLO'	'AV. LIC. RAFAEL MARTÍNEZ ESCOBAR 97 COL. CENTRO'	86400	19	24
4015	'TIERRA COLORADA'	'AV. PROF. RAMÓN MENDOZA HERRERA 551 COL. JOSÉ MARÍA PINO SUÁREZ'	86029	20	24
4020	'PARAÍSO'	'CALLE 2 DE ABRIL ESQ 5 DE MAYO S/N COL. CENTRO'	86600	21	24
4025	'COMALCALCO'	'AV. IGNACIO LÓPEZ RAYÓN 417'	86300	22	24
4030	'COMALCALCO BLVD'	'BLVD ADOLFO LÓPEZ MATEOS COL. CENTRO'	86300	22	24
4035	'TAMULTÉ'	'AV. GREGORIO MENDEZ 4401 COL. TAMULTÉ DE LAS BARRANCAS'	86150	23	24
4040	'TEAPA'	'BLVD FRANCISCO TRUJILLO GURRÍA S/N COL. SIERRA'	86801	24	24
4045	'VILLA RUÍZ CORTÍNEZ'	'BLVD ADOLFO RUÍZ CORTÍNEZ 1718 COL. CENTRO'	86040	25	24
5005	'TUXTEPEC'	'BLVD MANUEL ÁVILA CAMACHO S/N COL. EL REENCUENTRO'	68310	27	24
5010	'MATÍAS ROMERO'	'CARRETERA TRANSISTMICA KM 198 COL. BARRIO NUEVO'	70307	28	24
5015	'SALINA CRUZ'	'CARRETERA TRANSISTMICA 27 COL. LOMAS DE GALINDO'	70630	29	24
5020	'JUCHITÁN'	'CARR. PANAMERICANA S/N COL. FELIPE PESCADOR'	70000	30	24
6000	'VERACRUZ'	'CALLE CUAHUTEMOC 3254 COL. CENTRO'	91700	31	24
6005	'POZA RICA'	'AV. BENITO JUAREZ S/N COL. TAJIN'	93330	32	24
6010	'RÍO BLANCO'	'AV.11 NO. 2213 COL. DEL MAESTRO'	94732	33	24
6015	'CÓRDOBA'	'AVENIDA 3 1922 COL. CENTRO'	94500	34	24
6020	'CÓRDOBA AVENIDA'	'AV.11 NO. 2213 COL. DEL MAESTRO'	94550	34	24
6025	'ACAYUCAN'	'CALLE JUAN DE LA LUZ ENRIQUE 405 COL. LA PALMA'	96056	35	24
6030	'MINATITLÁN'	'BLVD INSTITUTOS TECNOLOGICOS 5 COL. LA FUENTE'	96729	36	24
6035	'MINATITLÁN JUSTO SIERRA'	'AV. JUSTO SIERRA 160-A COL. NUEVA MINA'	96760	36	24
6040	'MARTÍNEZ DE LA TORRE'	'AV. MAXIMINO ÁVILA CAMACHO S/N COL CENTRO'	93600	37	24
6045	'SAN ANDRÉS TUXTLA'	'CARR. COSTERA DEL GOLFO 180 COL. 3 DE MAYO'	95730	38	24
6050	'COSOLEACAQUE'	'BLVD INSTITUTOS TECNOLÓGICOS COL. DIAZ ORDAZ ENTRE NICOLÁS BRAVO Y JOSÉ MARÍA MORELOS'	96344	39	24
6055	'COATZACOALCOS'	'7AV IGNACIO ZARAGOZA 2104 B COL. BENITO JUAREZ NTE'	96576	40	24
6060	'COATZACOALCOS UNIVERSIDAD'	'AV. UNIVERSIDAD VERACRUZANA LOCAL 3 S/N COL. RANCHO ALEGRE'	96576	40	24
6065	'LAS CHOAPAS'	'AV. 20 DE NOVIEMBRE 1216 COL. LA SABANA'	96980	41	24
6070	'BOCA DEL RÍO'	'AV.EJERCITO MEXICANO OTE 229 COl. EJIDO PRIMERO DE MAYO SUR'	94297	42	24
6075	'XALAPA VIVEROS'	'AV. PRINCIPAL LAS TRANCAS 5 LOCAL 2 COL. EL OLMO'	91194	43	24
6080	'XALAPA LÁZARO CÁRDENAS'	'LAZARO CARDENAS L 25 MZ 25 S/N COL. RAFAEL LUCIO'	91110	43	24
6085	'ORIZABA'	'CALLE ORIENTE 41 S/N COL. ABELARDO L RODRÍGUEZ'	94310	44	24
6090	'TIERRA BLANCA'	'CARRETERA FEDERAL NUM 911 COL. HOJA DEL MAIZ'	95110	45	24
7000	'MÉRIDA CANEK'	'AV. JACINTO CANEK CON ESQ. CALLE 118 NUM 59-A COL. YUCALPETÉN'	97238	46	24
7005	'MÉRIDA ORIENTE'	'AV. QUETZALCÓATL CALLE 65 NUM 195-A COL. CORTÉS SARMIENTO'	97168	46	24
8000	'TEHUACÁN'	'AV. INDEPENDENCIA ORIENTE 2104 COL. EL ROSARIO'	75780	47	24
8005	'PUEBLA'	'CALLE 11 SUR 14547 COL. SAN BERNABE TEMOXTITLA'	72498	48	24
\.


--
-- TOC entry 5054 (class 0 OID 0)
-- Dependencies: 222
-- Name: tblciudades_id_ciudad_seq; Type: SEQUENCE SET; Schema: public; Owner: postgres
--

SELECT pg_catalog.setval('public.tblciudades_id_ciudad_seq', 1, false);


--
-- TOC entry 4881 (class 2606 OID 18003)
-- Name: tblciudades tblciudades_pkey; Type: CONSTRAINT; Schema: public; Owner: postgres
--

ALTER TABLE ONLY public.tblciudades
    ADD CONSTRAINT tblciudades_pkey PRIMARY KEY (id_ciudad);


--
-- TOC entry 4887 (class 2606 OID 18062)
-- Name: tbldepartamentos tbldepartamentos_pkey; Type: CONSTRAINT; Schema: public; Owner: postgres
--

ALTER TABLE ONLY public.tbldepartamentos
    ADD CONSTRAINT tbldepartamentos_pkey PRIMARY KEY (id_departamento);


--
-- TOC entry 4883 (class 2606 OID 18020)
-- Name: tblempleados tblempleados_pkey; Type: CONSTRAINT; Schema: public; Owner: postgres
--

ALTER TABLE ONLY public.tblempleados
    ADD CONSTRAINT tblempleados_pkey PRIMARY KEY (id_empleado);


--
-- TOC entry 4879 (class 2606 OID 17995)
-- Name: tblestados tblestados_pkey; Type: CONSTRAINT; Schema: public; Owner: postgres
--

ALTER TABLE ONLY public.tblestados
    ADD CONSTRAINT tblestados_pkey PRIMARY KEY (id_estado);


--
-- TOC entry 4877 (class 2606 OID 17988)
-- Name: tblpuestos tblpuestos_pkey; Type: CONSTRAINT; Schema: public; Owner: postgres
--

ALTER TABLE ONLY public.tblpuestos
    ADD CONSTRAINT tblpuestos_pkey PRIMARY KEY (id_puesto);


--
-- TOC entry 4885 (class 2606 OID 18031)
-- Name: tblsucursales tblsucursales_pkey; Type: CONSTRAINT; Schema: public; Owner: postgres
--

ALTER TABLE ONLY public.tblsucursales
    ADD CONSTRAINT tblsucursales_pkey PRIMARY KEY (id_sucursal);


--
-- TOC entry 4893 (class 2606 OID 18073)
-- Name: tblsucursales fk_id_ciudad; Type: FK CONSTRAINT; Schema: public; Owner: postgres
--

ALTER TABLE ONLY public.tblsucursales
    ADD CONSTRAINT fk_id_ciudad FOREIGN KEY (id_ciudad) REFERENCES public.tblciudades(id_ciudad) NOT VALID;


--
-- TOC entry 4889 (class 2606 OID 18063)
-- Name: tblempleados fk_id_departamento; Type: FK CONSTRAINT; Schema: public; Owner: postgres
--

ALTER TABLE ONLY public.tblempleados
    ADD CONSTRAINT fk_id_departamento FOREIGN KEY (id_departamento) REFERENCES public.tbldepartamentos(id_departamento) NOT VALID;


--
-- TOC entry 4894 (class 2606 OID 18078)
-- Name: tblsucursales fk_id_departamento; Type: FK CONSTRAINT; Schema: public; Owner: postgres
--

ALTER TABLE ONLY public.tblsucursales
    ADD CONSTRAINT fk_id_departamento FOREIGN KEY (id_departamento) REFERENCES public.tbldepartamentos(id_departamento) NOT VALID;


--
-- TOC entry 4888 (class 2606 OID 18041)
-- Name: tblciudades fk_id_estado; Type: FK CONSTRAINT; Schema: public; Owner: postgres
--

ALTER TABLE ONLY public.tblciudades
    ADD CONSTRAINT fk_id_estado FOREIGN KEY (id_estado) REFERENCES public.tblestados(id_estado) NOT VALID;


--
-- TOC entry 4890 (class 2606 OID 18056)
-- Name: tblempleados fk_id_gerente; Type: FK CONSTRAINT; Schema: public; Owner: postgres
--

ALTER TABLE ONLY public.tblempleados
    ADD CONSTRAINT fk_id_gerente FOREIGN KEY (id_gerente) REFERENCES public.tblempleados(id_empleado) NOT VALID;


--
-- TOC entry 4891 (class 2606 OID 18046)
-- Name: tblempleados fk_id_puesto; Type: FK CONSTRAINT; Schema: public; Owner: postgres
--

ALTER TABLE ONLY public.tblempleados
    ADD CONSTRAINT fk_id_puesto FOREIGN KEY (id_puesto) REFERENCES public.tblpuestos(id_puesto) NOT VALID;


--
-- TOC entry 4892 (class 2606 OID 18068)
-- Name: tblempleados fk_id_sucursal; Type: FK CONSTRAINT; Schema: public; Owner: postgres
--

ALTER TABLE ONLY public.tblempleados
    ADD CONSTRAINT fk_id_sucursal FOREIGN KEY (id_sucursal) REFERENCES public.tblsucursales(id_sucursal) NOT VALID;


-- Completed on 2026-04-29 00:32:33

--
-- PostgreSQL database dump complete
--

\unrestrict B3g1UxFz4RfnkLpH5I7y0jInOarOL3bZDYdtZEUoLKvOdvRHZnDLQpU1PCYu6sm

